chapter_no	chapter_title	eng	kor	remark
1	The Tiger in the Road	station wagon	스테이션왜건 (뒷좌석 뒤가 짐칸으로 뚫려 있는 승용차)	뒷좌석 뒤로 지붕이 그대로 이어져 트렁크가 따로 없이 짐칸이 실내로 뚫려 있는 승용차입니다. 미국에서 1950~1980년대에 아이가 여럿인 집이 짐을 잔뜩 싣고 장거리를 다니던 대표적인 가족차라, 지금은 낡고 실용적이라는 인상이 강합니다. 릴리네가 캘리포니아에서 워싱턴주까지 여덟 시간을 달려온 차가 이 낡은 station wagon이고 세 식구의 살림이 전부 그 안에 들어 있습니다. 이사가 여유 있는 선택이 아니라 형편에 맞춘 결정이었다는 사정이 차 한 대로 드러납니다.
1	The Tiger in the Road	Washington State	워싱턴주 (미국 북서부 태평양 연안의 주)	워싱턴주는 미국 북서부 태평양 연안의 주이며 시애틀이 있습니다. 수도 워싱턴 D.C.와 구별하려고 Washington State라고도 부릅니다. 다만 주 전체가 늘 비가 많은 것은 아닙니다. 캐스케이드산맥 서쪽은 태평양의 습한 공기 때문에 비와 흐린 날이 잦지만, 산맥 동쪽은 비그늘에 들어 훨씬 건조합니다. 소설 속 Sunbeam은 비가 잦고 7월에도 서늘한 서부 워싱턴의 이미지로 그려집니다. 햇살을 뜻하는 마을 이름이 ‘저희끼리 아는 농담’처럼 들리고, 캘리포니아의 햇빛을 떠나 축축하고 어두운 곳으로 들어왔다는 분위기를 만듭니다.
1	The Tiger in the Road	Way to deflect	말 돌리는 솜씨 좋네 (칭찬 표현을 비꼬아 쓴 것)	Way to go!는 "잘했어!"라는 칭찬입니다. 그런데 뒤에 못마땅한 행동을 붙여 Way to ruin it, Way to deflect처럼 쓰면 뜻이 정반대로 뒤집혀 비아냥이 됩니다. 어휘 시트가 알려 주는 deflect(말을 돌려 피하다)의 뜻만으로는 이 문장이 칭찬인지 빈정거림인지 가려낼 수 없습니다. 샘은 엄마가 자기 질문에 답하지 않고 화제를 바꾸자 이 말을 던집니다. 열여섯 살이 엄마에게 쓰기에는 꽤 날 선 말이고, 그래서 바로 뒤에 "샘은 여전히 화가 났지만 조금은 김이 빠져 있었다"는 문장이 따라붙습니다.
1	The Tiger in the Road	slug-slow	민달팽이처럼 느린 (작가가 붙임표로 만들어 낸 말)	이 소설은 사전에 없는 말을 붙임표로 만들어 쓰는 일이 아주 잦습니다. 1장만 해도 slug-slow(민달팽이처럼 느린), tap-taps(톡톡 두드리다), flick-flick(눈을 휙휙 굴리다), jump-dancing(가슴이 뛰며 춤추듯 하는), invisibleinvisibleinvisible처럼 붙여 쓴 것이 줄줄이 나옵니다. 뒤로 가면 creaky-cozy, whisper-fierce, tight-tight, rice-paper hands, light-lifetimes, busy silence처럼 더 어려운 것도 나옵니다. 사전을 찾아도 나오지 않으니 오타로 오해하기 쉬운데, 열두 살 릴리가 제 느낌에 딱 맞는 말이 없어 직접 만들어 쓰는 것으로 읽으면 됩니다.
2	Long, Long Ago	Long, long ago, when tiger walked like man	옛날 옛적 호랑이가 사람처럼 걷던 시절에	영어 옛이야기가 언제나 Once upon a time으로 시작하듯 한국 옛이야기는 "옛날 옛적 호랑이 담배 피우던 시절에"로 시작합니다. 작가는 그 한국식 도입구를 영어로 옮겨 할머니의 입에 그대로 붙였고, 영어 독자에게 낯설게 들리도록 tiger 앞의 관사까지 일부러 뺐습니다. 이 한 줄이 나올 때마다 이야기가 시작되므로 소설 전체의 신호음 노릇을 합니다. 영어로 쓰인 책 한가운데에 한국식 어투가 번역되지 않은 채 남아 있다는 것 자체가, 이 가족이 두 나라에 걸쳐 살고 있음을 문장으로 보여 주는 장치입니다.
3	The Blocked Basement	QAG	Quiet Asian Girl (조용한 아시아 여자애) — 미국의 아시아계 고정관념	Sam이 만들어 쓰는 줄임말로 Quiet Asian Girl, 곧 조용한 아시아 여자애라는 뜻입니다. 미국에는 아시아계 학생을 공부만 열심히 하고 말이 없으며 시키는 대로 따르는 존재로 보는 오래된 고정관념이 있어서, 가만히 있으면 곧바로 그 틀에 끼워 넣어집니다. Sam이 검은 립스틱을 바르고 머리 한 가닥을 하얗게 탈색하고 떠오르는 말을 다 뱉는 것은 그 틀에 들어가지 않으려는 몸부림입니다. 그래서 릴리에게 "QAG처럼 군다"고 하는 말은 조용하다는 지적이 아니라, 남이 만들어 놓은 아시아인의 자리에 순순히 들어가 앉는다는 비난입니다.
3	The Blocked Basement	smudge sticks	세이지 다발 (태워서 나쁜 기운을 쫓는 마른 허브 묶음)	세이지 같은 마른 허브를 다발로 묶어 불을 붙인 뒤 그 연기로 공간의 나쁜 기운을 몰아낸다는 물건입니다. 아메리카 원주민의 정화 의례에서 온 것인데 지금은 미국의 대체요법 가게나 잡화점에서 흔히 파는 생활용품이 되었습니다. 할머니 집은 천장에 매단 바구니와 조리대와 그릇마다 이 묶음이 놓여 있습니다. 한국식 부적이나 고사와는 뿌리가 전혀 다른 미국 물건이라는 점이 중요합니다. 할머니가 한국에서 가져온 믿음만 지키는 사람이 아니라 미국에서 만난 방식까지 거리낌 없이 끌어다 쓰는 사람이라는 것을 집 안 풍경이 먼저 알려 줍니다.
3	The Blocked Basement	grandfather clock	괘종시계 (사람 키만 한 나무통 안에 추가 든 큰 시계)	사람 키보다 큰 나무통 안에 추와 종이 들어 있어 한 시간마다 종을 치는 서양식 큰 시계입니다. 원래 이름은 longcase clock이었는데 1876년에 나온 노래 〈My Grandfather’s Clock〉이 크게 유행하면서 이 이름으로 굳었습니다. 할아버지의 시계라는 뜻이 아니라 시계 종류의 이름이므로 그대로 옮기면 어긋납니다. 서양 이야기에서는 오래된 집과 흘러가는 시간을 함께 나타내는 물건으로 자주 쓰이는데, 할머니 집 거실 구석에서 혼자 째깍대는 이 시계가 남은 시간을 세고 있다는 점에서 이 소설에도 꼭 들어맞습니다.
4	Food for the Spirits	Tsst	츳 (개를 제지할 때 내는 짧은 소리)	본문은 "개 훈련사가 나오는 TV 프로그램에서 개를 다스릴 때 내던 소리"라고만 하고 프로그램 이름을 밝히지 않지만, 미국 시청자라면 시저 밀란이 진행한 내셔널 지오그래픽의 〈도그 위스퍼러〉를 곧바로 떠올립니다. 밀란은 짖거나 달려드는 개에게 손가락을 세우고 "츳!" 하는 짧은 소리를 내 주의를 끊는 방법으로 유명했습니다. 할머니가 딸의 잔소리를 이 소리 하나로 잘라 버리는 장면이라 이 집에서 누가 위인지가 단번에 정해집니다. 다 자란 딸을 훈련받는 개처럼 다룬 셈이어서 우스우면서도 서늘합니다.
4	Food for the Spirits	It’s a whole thing	얘기하자면 길어 (사연이 복잡할 때 쓰는 미국 구어)	그대로 옮기면 "그건 하나의 통째"가 되어 뜻이 통하지 않습니다. 미국에서 아주 흔히 쓰는 구어로, 설명하자면 사연이 길고 복잡해서 지금은 말하고 싶지 않다는 뜻입니다. 사전에도 잘 실리지 않아 문장 그대로 읽으면 걸리는 표현입니다. 샘의 흰 머리 한 가닥을 두고 엄마는 탈색이라 하고 샘은 원래 그렇게 난다고 우기고 할머니는 집안 내력이라며 편을 드는데, 릴리가 그 실랑이를 한 줄로 접으며 이 말을 씁니다. 이 집에서 이미 여러 번 되풀이된 싸움이라는 뜻이고, 실제로 그 흰 머리 한 가닥은 뒤에 가서 훨씬 큰 뜻을 갖게 됩니다.
5	The Sun and the Moon	if you give a tiger a rice cake	호랑이에게 떡을 하나 주면	두 이야기가 한 문장에 겹쳐 있습니다. 하나는 한국 옛이야기의 "떡 하나 주면 안 잡아먹지"이고, 다른 하나는 미국 아이라면 누구나 아는 그림책 《If You Give a Mouse a Cookie》(생쥐에게 과자를 주면)입니다. 이 그림책은 생쥐에게 과자를 주면 우유를 달라 하고 우유를 주면 빨대를 달라 하는 식으로 요구가 끝없이 이어지는 이야기라, 영어 독자는 이 문장에서 "한 번 주기 시작하면 끝이 없다"는 뜻을 곧바로 알아챕니다. 한국 호랑이와 미국 그림책을 한 줄에 포개 놓은 것이라, 이 소설이 두 나라 이야기 위에 동시에 서 있다는 것을 보여 주는 대목입니다.
5	The Sun and the Moon	the sky god	하늘님	할머니가 들려주는 이 이야기는 한국 전래동화 「해와 달이 된 오누이」를 바꿔 쓴 것입니다. 원작과 다른 곳이 셋인데, 첫째 오누이가 아니라 자매이고, 둘째 하늘님이 동아줄을 내려 주는 대가로 이야기를 하나 들려 달라고 요구하며, 셋째 호랑이가 썩은 동아줄에 매달렸다가 수수밭에 떨어져 죽는 대신 그냥 하늘에서 쫓겨납니다. 하늘님조차 이야기 앞에서는 못 견딘다는 설정과 호랑이의 사연은 아무도 들어 주지 않았다는 설정이 이때 새로 들어온 것입니다. 마지막 줄에서 릴리가 "호랑이의 이야기는 무엇이었을까"라고 묻는 순간, 이 두 가지 변경이 소설 전체의 출발점이 됩니다.
6	The Empty Basement	the basement	지하실 (미국 주택에 흔히 딸린 지하 공간)	미국 단독주택은 기초를 깊이 파고 짓는 경우가 많아 집집마다 지하실이 딸려 있고 창고나 세탁실, 아이들 놀이방으로 씁니다. 한국 주택에는 흔치 않아 잘 그려지지 않는 공간입니다. 한편 미국 공포영화에서 지하실은 절대 혼자 내려가서는 안 되는 자리라는 관습이 굳어져 있어서, 릴리가 "무서운 영화의 규칙은 안다 — 지하실에 들어가지 마라, 절대 혼자 가지 마라"라고 읊는 대목은 그 관습을 그대로 가져온 것입니다. 그런데 릴리에게 이 지하실은 언니와 이야기를 지어내며 놀던 가장 좋아하는 곳이기도 해서, 무서운 곳과 그리운 곳이 한자리에 겹칩니다.
7	Just a Little Bug	a little beetle-bug	작은 딱정벌레-잔병 (할머니가 bug을 beetle로 잘못 옮긴 말)	영어에서 a bug은 벌레라는 뜻과 함께 배탈이나 감기 같은 가벼운 잔병이라는 뜻으로도 씁니다. a stomach bug이라고 하면 독감이 아니라 장염을 가리키며 미국에서는 이것을 stomach flu라고도 부릅니다. 할머니는 그 관용적인 뜻으로 말하려다 벌레 쪽 낱말인 beetle로 잘못 옮겨 말하고, 릴리가 "a bug 말이에요?"라고 고쳐 준 뒤 속으로 "그냥 작은 딱정벌레-잔병"이라고 되뇝니다. 우리말로 옮기면 사라지는 농담이라 챕터 제목까지 Just a Little Bug입니다. 그러나 할머니가 밤마다 토하는 병은 결코 작은 잔병이 아니어서, 이 가벼운 말장난은 뒤로 갈수록 아프게 되읽힙니다.
7	Just a Little Bug	beauty sleep	미용을 위한 잠	잘 자야 피부가 좋아진다고 하여 미용을 위해 일찍 충분히 자는 것을 가리키는 말입니다. 영어권에서 수백 년째 쓰여 온 표현이라 지금은 반쯤 농담처럼 씁니다. 할머니는 여덟 시 반이면 잠자리에 들고 머리를 롤로 말아 두건을 쓰고 팩까지 붙인 뒤 열두 시간을 잔다고 나오는데, 릴리는 그것을 "잠의 여왕"이라 부르며 "미용을 위한 잠을 방해하는 것은 아무것도 없다"고 적습니다. 그런데 바로 그 문장 끝에 "이것만 빼고"가 붙습니다. 늘 지켜 오던 것이 무너졌다는 표시라, 가벼운 농담 같은 이 한 줄이 병의 무게를 처음으로 알려 줍니다.
8	The Stolen Stars	tiny orange pill bottles	주황색 처방약 통	미국 약국은 처방약을 주황빛이 도는 반투명 플라스틱 통에 담아 주고, 뚜껑은 눌러 돌려야 열리게 만들어 아이가 열지 못하게 합니다. 통 옆에는 환자 이름과 약 이름, 복용법을 적은 흰 라벨이 붙습니다. 한국은 약을 봉투에 회차별로 나눠 주므로 이 통 자체가 낯설지만, 미국 이야기에서 이 주황색 통이 여러 개 늘어서 있다는 묘사는 그것만으로 중병을 앓고 있다는 신호로 읽힙니다. 릴리는 그것을 "약통 한 가족"이라고만 말하고 무슨 약이냐고 묻지 못한 채 넘어가는데, 독자는 이 한 줄에서 할머니의 병을 이미 짐작하게 됩니다.
9	An Almost Me	playdate	플레이데이트 (부모끼리 약속을 잡아 아이들을 놀게 하는 자리)	미국에서는 아이들이 저희끼리 몰려다니게 두지 않고 부모가 날짜와 시간을 정해 서로의 집에 데려다주며 놀게 하는데, 이 약속을 playdate라고 합니다. 대개 미취학 아동이나 초등학교 저학년에게 쓰는 말입니다. 엄마가 열두 살인 릴리에게 플레이데이트를 잡아 주겠다고 하자 릴리가 "플레이데이트는 여섯 해쯤 전에 유효기간이 끝났다"고 속으로 받아치는 것이 그래서 우스운 대목입니다. 엄마가 딸의 나이조차 제대로 헤아리지 못하고 있다는 것, 곧 이 장의 제목인 An Almost Me(거의 나인 아이)가 무슨 뜻인지를 이 한 마디가 미리 보여 줍니다.
9	An Almost Me	moved to the States	미국으로 건너갔다	미국은 1965년에 이민법을 고쳐 그전까지 아시아인을 사실상 막아 두었던 국가별 할당을 없앴고, 그 뒤 1970~80년대에 한국인 이민이 크게 늘어 오늘날의 재미 한인 사회가 자리를 잡았습니다. 이때 흔했던 방식이 식구 하나가 먼저 건너가 터를 닦고 나머지를 차례로 부르는 연쇄 이민이라, 어린아이를 고향에 두고 떠나는 어머니도 드물지 않았습니다. 할머니의 어머니도 할머니를 시골 마을에 두고 먼저 미국으로 떠났고, 할머니는 자란 뒤 그 어머니를 찾아 건너왔지만 끝내 만나지 못했습니다. 소설 내내 되풀이되는 "아이를 두고 떠나는 어머니"가 처음 나오는 자리입니다.
9	An Almost Me	the gingerbread house	과자집 (생강 쿠키로 지은 집)	진저브레드는 생강과 당밀을 넣어 구운 단단한 갈색 과자로, 미국과 유럽에서는 크리스마스에 이 과자로 집 모양을 짓고 설탕 아이싱과 사탕으로 꾸미는 풍습이 있습니다. 「헨젤과 그레텔」에서 마녀가 아이들을 꾀어 들이는 과자집이 바로 이것이라, 영어권 아이에게 gingerbread house는 달콤함과 함정이 한 몸인 그림입니다. 어린 릴리가 길 건너 도서관에 들어가기를 한사코 거부한 것은 알록달록하게 칠한 문틀과 창틀이 꼭 그 과자집처럼 보였기 때문이고, 다음 장에서 젠슨이 냉장고에서 컵케이크를 꺼내 건네는 순간 릴리가 또 한 번 움찔하는 것도 같은 이유입니다.
10	The Gingerbread Library	Dragon Thyme	드래건 타임 (마을의 유일한 아시아 음식점 — thyme은 time과 발음이 같다)	thyme은 서양 요리에 쓰는 허브 타임인데 앞의 th를 발음하지 않아 time과 소리가 똑같습니다. 그래서 간판은 Dragon Thyme이지만 귀로는 Dragon Time, 곧 "용의 시간"으로 들립니다. 젠슨이 "촌스러운 이름인 데다 아시아 음식에는 타임을 넣지도 않는다"며 웃는 이유가 여기 있습니다. 백인이 거의 전부인 마을(this town is pretty white)에서 하나뿐인 아시아 음식점이 서양 허브 이름에 용을 얹어 간판을 단 셈이라, 아시아라는 것을 대충 뭉뚱그려 상상한 결과물입니다. 릴리가 한국 옛이야기 책 한 권을 끝내 찾지 못하는 장면 바로 옆에 이 간판 이야기가 놓인 것도 그래서입니다.
10	The Gingerbread Library	HANG IN THERE	조금만 더 버텨 (나뭇가지에 매달린 새끼 고양이 포스터의 문구)	1971년에 나와 크게 퍼진 미국의 격려 포스터로, 나뭇가지에 앞발로 겨우 매달린 새끼 고양이 사진 아래에 "Hang in there, baby"라고 적혀 있습니다. 사무실과 교실 벽에 하도 많이 붙어서 지금은 촌스러움의 대명사이자 농담거리가 되었고, 미국 사람이라면 설명 없이 알아봅니다. 도서관 직원 휴게실 벽에 이 빛바랜 포스터가 붙어 있는데, 릴리가 "누가 붙였는지는 몰라도 조는 아닐 것"이라고 짚는 대목이 웃음의 요점입니다. 무뚝뚝한 사서 조가 아니라 늘 웃는 젠슨의 물건이리라는 뜻이고, 실제로 조는 그 뒤 손수 구운 컵케이크로 겉과 속이 다른 사람임을 보여 줍니다.
10	The Gingerbread Library	the Narnia books	《나니아 연대기》	C. S. 루이스가 1950년대에 쓴 일곱 권짜리 판타지로, 옷장을 지나 들어간 나라 나니아를 다스리는 것은 아슬란이라는 사자입니다. 젠슨은 릴리가 호랑이 이야기를 찾는다고 하자 반사적으로 나니아를 권했다가 "아, 그건 사자였지" 하고 스스로 말을 접습니다. 영어권 독자에게는 큰 고양잇과 짐승이 나오는 이야기라면 가장 먼저 떠오르는 것이 나니아라는 뜻입니다. 이 짧은 주고받음으로 도서관에 한국 옛이야기 책이 한 권도 없다는 사실이 드러나고, 릴리가 찾는 호랑이는 서양 판타지 어디에도 없는 할머니의 나라에서 온 짐승이라는 것도 함께 드러납니다.
10	The Gingerbread Library	middle school language arts	중학교 국어(영어) 과목	미국의 middle school은 대개 6~8학년으로 우리 중학교에 해당하고, language arts는 그 학교에서 읽기와 쓰기, 문법, 문학을 함께 다루는 과목의 이름입니다. 우리로 치면 국어에 해당하지만 미국 학생에게는 모국어가 영어라서 English 대신 이 이름을 쓰는 학교가 많습니다. 젠슨은 고등학생이면서 이 과목 과외를 맡고 있는데, 미국에서는 상급생이 아래 학년을 봐 주는 또래 과외가 흔합니다. 이 한 줄로 젠슨이 왜 도서관에서 일하는지, 그리고 이 마을 도서관이 사서 한 명과 학생 한 명으로 굴러가는 작은 곳이라는 것이 함께 드러납니다.
10	The Gingerbread Library	The roar of the tiger	호랑이의 포효 (저주파가 사람을 마비시킨다는 속설)	호랑이의 울음에는 매우 낮은 주파수 성분이 있으며, 일부 관찰에서는 약 17.5헤르츠의 기본 주파수가 보고되었습니다. 그러나 이런 저주파가 사람을 실제로 ‘마비시킨다’는 사실은 과학적으로 입증되지 않았고, 잡학책과 대중 기사에서 과장되어 퍼진 주장에 가깝습니다. 릴리가 도서관에서 찾은 《102 Tiger Facts!》가 이 문장을 사실처럼 제시하는 장면은, 한국 호랑이 이야기를 찾으러 왔지만 자극적인 동물 상식책만 발견했다는 상황을 보여 줍니다. 따라서 이 대목은 확정된 과학 지식이라기보다 릴리가 읽은 책 속의 놀라운 주장으로 이해해야 합니다.
10	The Gingerbread Library	Little Red Riding Hood	「빨간 모자」	늑대가 할머니를 잡아먹고 그 옷을 입은 채 손녀를 기다리는 유럽 옛이야기입니다. 젠슨은 릴리가 옮긴 호랑이 이야기를 듣자마자 이 이야기를 떠올리는데, 실제로 짐승이 할머니로 둔갑해 아이들을 노리는 이야기는 세계 곳곳에 있습니다. 중국의 「늑대 할머니(狼外婆)」는 에드 영이 《Lon Po Po》라는 그림책으로 옮겨 1990년 칼데콧 메달을 받아 미국에서도 잘 알려져 있습니다. 젠슨이 "서로 겹치지 않는 곳에서도 비슷한 이야기가 생겨난다"고 말하는 근거가 이것입니다. 다만 릴리는 "이건 늑대가 아니라 호랑이고, 자매와 해와 달의 이야기"라며 속으로 반박합니다.
11	A Collision Situation	newsboy hat	뉴스보이 캡 (챙이 짧고 윗부분이 둥근 옛날식 모자)	20세기 초 미국과 영국에서 거리에 서서 신문을 팔던 소년들이 쓰던 데서 이름이 붙은 모자로, 여덟 조각 천을 이어 붙인 둥근 윗부분에 짧고 딱딱한 챙이 달려 있습니다. 지금은 백 년쯤 묵은 옛날 느낌을 주는 차림이라, 열두어 살 남자아이가 이 모자를 쓰고 다니면 또래와 확실히 달라 보입니다. 리키는 이 모자를 쓰고 챙을 잡아 인사하며 "충돌 상황에서 만나게 되어 미안합니다" 같은 어른스러운 말투로 첫인사를 건넵니다. 남들이 어떻게 볼지 아랑곳하지 않고 제 취향대로 밀고 나가는 아이라는 것이 옷차림 하나로 정해집니다.
11	A Collision Situation	canon	캐넌 (그 분야에서 기본으로 치는 정전)	원래 성경의 정경을 가리키던 말인데 지금은 만화와 영화, 게임 팬들 사이에서 "공식으로 인정되는 설정" 또는 "그 분야라면 반드시 거쳐야 하는 기본"이라는 뜻으로 씁니다. 슈퍼맨은 1938년에 나온 최초의 슈퍼히어로라 이후의 거의 모든 히어로가 그를 본떠 만들어졌습니다. 그래서 리키가 "슈퍼맨을 촌스럽다고 하는 사람이 많고 내가 제일 좋아하는 히어로도 아니지만 그래도 canon이잖아"라고 하는 말은, 취향과는 별개로 기본은 알아야 한다는 뜻입니다. 만화 이야기가 나오자마자 말이 길어지는 데서 리키가 무엇에 진심인 아이인지 드러납니다.
11	A Collision Situation	dibs	내가 먼저 찜 (먼저 차지하겠다는 아이들 말)	미국 아이들은 무언가를 먼저 차지하겠다고 선언할 때 "Dibs!" 또는 "I call dibs on that!"이라고 외칩니다. 앞자리, 마지막 남은 한 조각, 좋아하는 자리를 놓고 늘 쓰는 말이라 어릴 때부터 몸에 배어 있습니다. have dibs on은 그것에 대한 우선권을 가진다는 뜻입니다. 리키가 "호랑이를 좋아하는 여자애는 처음 본다"고 하자 릴리는 속으로 "호랑이 좋아하는 걸 남자애들이 찜해 둔 것도 아니잖아"라고 받아칩니다. 다만 이 말을 입 밖에 내지는 못하고, 그렇게 받아치는 것은 샘이나 할 법한 일이라고 스스로 정리합니다.
12	Extra Protection	peanut butter cups	피넛버터 컵 (땅콩버터를 초콜릿으로 감싼 미국 과자)	컵 모양으로 굳힌 초콜릿 안에 땅콩버터를 채운 과자로, 리스(Reese’s)가 대표 상표이며 미국에서 가장 많이 팔리는 초콜릿 가운데 하나입니다. 땅콩버터를 달고 짭짤하게 먹는 미국 입맛이 그대로 담겨 있어 한국에서는 낯선 맛입니다. 할머니가 장 보러 가며 적은 목록을 보면 엄마는 와사비 완두콩, 샘은 크래커, 릴리는 이 피넛버터 컵으로 사람마다 좋아하는 것이 하나씩 적혀 있습니다. 할머니가 식구 하나하나의 입맛을 다 외고 있다는 뜻이고, 그 목록 아래쪽에 액막이용 쌀과 잣이 같은 무게로 나란히 적혀 있다는 점도 이 집에서는 자연스러운 일입니다.
12	Extra Protection	her permit	임시 운전면허 (혼자서는 몰 수 없는 연습용 면허)	미국은 주마다 다르지만 대개 만 15~16세에 learner’s permit이라는 임시 면허를 먼저 받고, 정식 면허를 가진 어른이 옆자리에 타야만 운전할 수 있습니다. 정해진 연습 시간을 채우고 시험을 통과해야 혼자 몰 수 있는 면허로 바뀝니다. 그래서 열여섯 살 샘이 면허가 있는 할머니를 옆에 태우고 운전할 수 있고, 엄마가 연습하라고 계속 다그치는 것입니다. 만 열여덟 살이 되어야 면허를 따는 한국과 달라 이 사정을 알아야 읽히는 대목입니다. 샘이 강습을 두 번 받고 운전대를 놓아 버린 이유가 아빠의 교통사고였다는 것도 여기서 함께 밝혀집니다.
12	Extra Protection	Lucky Charms	러키 참스 (마시멜로가 든 미국 시리얼 상표)	1964년에 나온 미국 시리얼로 네잎클로버와 말발굽과 별 모양의 색색 마시멜로가 들어 있고, 상자에는 아일랜드 전설의 요정 레프러콘이 그려져 있습니다. 이름을 그대로 옮기면 "행운의 부적"입니다. 릴리가 몸을 숨긴 채 엿듣다가 무너뜨린 것이 하필 이 러키 참스 진열대인데, 그날 할머니를 따라 마트에 온 이유가 바로 액막이할 것들을 사러 온 것이었습니다. 진짜 부적을 사러 온 날 "행운의 부적" 더미에 깔린 셈이라 영어로 읽으면 저절로 웃음이 나는 자리입니다. 하필 이때 릴리의 투명인간 능력이 통하지 않았다는 점도 함께 놀리고 있습니다.
12	Extra Protection	mochi flour	찹쌀가루 (미국에서는 일본 이름으로 팔린다)	떡을 만드는 찹쌀가루인데 미국 마트에서는 일본말 모찌를 따 mochi flour 또는 mochiko라는 이름으로 팝니다. 미국에 일본계 이민이 한국계보다 훨씬 먼저 자리를 잡아, 아시아 식재료의 영어 이름이 대부분 일본말로 굳었기 때문입니다. 두부와 라멘 같은 말도 사정이 같습니다. 한국 떡을 만들려는 할머니의 장보기 목록에 일본 이름을 단 봉지가 올라 있는 셈이라, 10장의 Dragon Thyme 간판과 같은 이야기가 조용히 되풀이됩니다. 45장에서 할머니 없이 세 모녀가 떡을 만들 때도 이 봉지를 꺼냅니다.
13	Fix It	light-lifetimes	빛으로 몇 생애 (광년을 비틀어 만든 말)	별까지의 거리는 보통 광년(light-year), 곧 빛이 한 해 동안 가는 거리로 잽니다. 작가는 여기서 year를 lifetime으로 바꿔 light-lifetimes라는 없는 말을 만들었습니다. 빛으로도 한 생애가 아니라 여러 생애가 걸리는 거리라는 뜻이라 사전을 찾으면 나오지 않습니다. 할머니가 길가에 쓰러진 그 밤, 릴리가 차창 밖 별을 올려다보며 "저것들은 몇 생애나 떨어져 있는데도 이야기를 노래하는 소리가 들릴 것만 같다"고 말하는 대목입니다. 이 소설에서 별은 곧 이야기이므로, 아득히 멀지만 끝내 닿는다는 뜻이 이 한 낱말에 들어 있습니다.
15	Buying More Time	special treatments	특별 치료 (일반적인 치료 외에 추가로 고려하는 치료)	special treatments는 정식 의료 용어가 아니라 가족이 통상적인 치료 외에 더 시도해 보려는 치료를 뭉뚱그려 부르는 표현입니다. 본문은 그 치료가 무엇인지, 보험 적용 대상인지 밝히지 않습니다. 미국에서는 직장을 통해 건강보험에 가입하는 경우가 많지만 실직해도 Marketplace·Medicaid·COBRA 같은 다른 보장 경로가 있으므로 ‘직장이 없으면 보험도 없다’고 단정할 수는 없습니다. 엄마가 새 일자리를 찾으면 돈을 더 벌어 치료 선택지를 넓힐 수 있다고 기대하는 장면이며, ‘I can buy more time’이라는 말은 돈으로 할머니의 시간을 조금이라도 늘리고 싶은 절박함을 드러냅니다.
16	The Doom Trap	bake sale	베이크 세일 (집에서 구운 것을 팔아 돈을 모으는 행사)	미국에서 학교나 도서관, 교회, 운동부가 돈을 모을 때 가장 흔히 하는 방식으로, 참가자들이 집에서 쿠키와 컵케이크와 브라우니를 구워 와 탁자를 펴 놓고 싼값에 파는 행사입니다. 큰돈이 모이지는 않지만 사람들을 한자리에 불러 모으는 것이 진짜 목적이라, 사서 조가 "얼마나 모일지는 모르겠지만 동네 사람들을 끌어들이는 데는 좋은 생각"이라고 말하는 것입니다. 파는 물건을 기증받는 한국의 바자회와 달리 직접 구운 것만 판다는 점이 다릅니다. 릴리가 무심코 던진 "이거 팔아도 되겠어요"라는 한마디가 이 행사로 커져 뒷이야기의 큰 마당이 됩니다.
16	The Doom Trap	a beanie that says BEANS	BEANS라고 적힌 비니 (beanie와 beans의 말장난)	beanie는 챙 없이 머리에 딱 붙는 털모자이고 beans는 콩입니다. 두 낱말의 소리가 거의 같아서 비니에 굳이 BEANS라고 적어 놓은 것 자체가 농담입니다. 우리말로 "비니에 콩이라고 적혀 있다"라고 옮기면 무엇이 우스운지 알 수 없어집니다. 리키는 뉴스보이 캡에 이어 이 콩 비니, 나중에는 위장무늬 실크해트까지 쓰고 나타나는데 모자마다 이렇게 한 번씩 웃기려는 구석이 있습니다. 모자는 엄마와 함께 사 모으던 것이었다고 뒤에 밝혀지므로, 이 우스운 모자들은 리키가 엄마를 곁에 붙잡아 두는 방식이기도 합니다.
16	The Doom Trap	at camp	캠프에 가 있는 (여름 내내 지내는 미국의 숙박형 캠프)	미국의 여름방학은 6월 초부터 9월 초까지 열 주가 넘게 이어져서, 부모들은 아이를 몇 주짜리 숙박형 캠프에 보내거나 서머스쿨과 과외로 그 긴 시간을 채웁니다. 숲속 오두막에서 지내며 수영과 카누와 공예를 하는 것이 전형적인 캠프의 모습이라, 여름이면 동네에서 또래가 한꺼번에 사라집니다. 리키가 "애덤은 캠프에 갔고 코너는 이탈리아를 여행 중이라 나는 반드시 사회화되어야 한다"고 익살을 부리는 것이 그래서입니다. 이 소설이 통째로 이 긴 여름 안에서 벌어진다는 것과, 리키가 그 여름을 혼자 보내고 있다는 것이 한꺼번에 드러납니다.
18	Tiger Trapmaster	camo-patterned top hat	위장무늬 실크해트	실크해트는 통이 높고 반듯한 예장용 모자로 마술사와 19세기 신사의 상징입니다. 반대로 위장무늬(camo)는 미국에서 군인과 사냥꾼의 표지이고 시골에서는 아예 평상복 무늬로도 입습니다. 그 둘을 한 모자에 붙여 놓았으니 격식과 사냥이 뒤섞인 우스운 물건이 됩니다. 리키는 온몸을 위장무늬로 감싸고 이 모자까지 쓴 채 밧줄을 몸에 두르고 나타나 "호랑이 덫 장인, 대령이오"라고 인사합니다. 사냥꾼 흉내를 있는 힘껏 내 본 차림이고, 증조부가 진짜 호랑이 사냥꾼이었다는 사실과 겹쳐 놓으면 우습기만 한 장면도 아닙니다.
19	The Bait	Lex Luthor	렉스 루서 (슈퍼맨의 숙적)	슈퍼맨에 맞서는 대표 악당으로, 힘이 아니라 재산과 머리로 슈퍼맨을 몰아붙이는 사업가입니다. 크립톤은 슈퍼맨이 태어난 별의 이름이고, 리키가 들고 온 만화에서 루서는 슈퍼맨을 가두어 놓고 그 별의 비밀을 캐내려 합니다. 리키는 그저 신이 나서 줄거리를 옮겼을 뿐인데 릴리는 그 말을 듣고 "그럼 내가 악당이라는 소리잖아" 하며 발끈합니다. 호랑이를 가두려는 자기 계획이 실은 누구를 가두는 일인지 릴리 스스로도 어렴풋이 알고 있다는 뜻이라, 지나가는 만화 이야기가 이 장의 속내를 정확히 찔러 놓습니다.
19	The Bait	failed language arts	국어(영어) 과목에서 낙제했다	미국 학교는 한 과목에서 낙제하면 여름에 보충수업을 듣고 시험을 다시 치러야 하며, 그것마저 통과하지 못하면 같은 학년을 한 해 더 다닙니다. 이것을 grade retention이라 하고 초등학교와 중학교에서도 실제로 일어납니다. 사실상 유급이 없는 한국 학교와 크게 다른 점이라, 몇 주 뒤 시험에 떨어지면 6학년을 다시 다녀야 한다는 리키의 말이 얼마나 무거운지 알려면 이 제도를 알아야 합니다. 그런데 릴리가 보기에 리키는 과외 시간마다 딴청을 부리며 일부러 배우지 않으려는 것처럼 굴고, 이 관찰은 뒤에 가서 이유를 얻습니다.
22	The Girl of Two Worlds	mugwort	쑥	국화과의 풀로 우리나라에서는 떡에 넣고 국을 끓이며 말려서 약재와 뜸에 씁니다. 호랑이가 들려주는 이야기에서 하늘님이 "아기를 백 일 동안 햇빛 없는 동굴에 두고 쑥만 먹여라"라고 내거는 조건은 단군 신화에서 곰과 호랑이가 사람이 되려고 치른 시련을 그대로 가져온 것입니다. 다만 마늘이 빠지고 쑥만 남았고, 스스로 사람이 되겠다고 견디는 시련이 아니라 갓난아기에게 대신 지우는 대가로 바뀌었습니다. 12장에서 할머니가 릴리 주머니에 넣어 준 액막이용 마른 풀도 바로 이 쑥이어서, 멀리 떨어진 두 장이 이 한 낱말로 이어집니다.
23	Consequences	shoji screens	쇼지 (일본식 미닫이 창호)	쇼지는 나무틀에 얇은 종이를 바른 일본식 미닫이문입니다. 이 식당 하나에 일본 것과 중국 것과 한국 것이 뒤죽박죽 섞여 있습니다. 쇼지와 벚꽃 그림, 손을 흔드는 금색 고양이 인형(일본 가게의 마네키네코), 사시미 메뉴는 일본 것이고, 붉은 종이 등과 입구의 돌사자와 탕수육은 중국 것이며, 안내대 위에 걸린 웃는 호랑이 그림만 한국 것입니다. 종업원은 금발 머리에 젓가락을 꽂고 있습니다. 샘이 "아시아 고정관념이 이 가게에 통째로 토해 놓은 것 같다"고 내뱉는 이유가 여기 있고, 10장에서 젠슨이 웃던 Dragon Thyme이라는 간판과 정확히 같은 이야기입니다.
23	Consequences	sweet-and-sour	스위트앤사워 (미국식 중국집의 탕수 요리)	고기나 새우를 튀겨 새콤달콤한 붉은 소스에 버무린 요리로 미국 중국집에서 가장 흔한 메뉴입니다. 미국인 입맛에 맞춰 훨씬 달게 바꾼 것이라 중국 본토의 맛과는 꽤 다르고, 이렇게 미국에서만 만들어진 중국 음식을 통틀어 American Chinese food라고 부릅니다. 엄마가 이 가게를 두고 "제대로 된 곳이 아니다(not authentic)"라며 얼굴을 찌푸리는 것이 그래서입니다. 그런데 정작 한국에서 건너온 할머니는 이 집 스위트앤사워가 제일 맛있다며 세 종류를 한꺼번에 시킵니다. 진짜와 가짜를 따지는 쪽이 미국에서 나고 자란 딸이라는 점이 이 대목의 요점입니다.
23	Consequences	a couple of twenties	20달러짜리 지폐 몇 장	미국 식당은 계산대로 가서 셈하지 않고, 종업원이 계산서를 자리까지 가져오면 그 자리에 현금이나 카드를 놓아 두는 방식입니다. 음식값의 15~20퍼센트를 팁으로 얹는 것이 관례라 늘 넉넉하게 놓습니다. 20달러 지폐는 미국에서 가장 흔하게 쓰이는 큰돈이라 현금 인출기에서도 이 지폐로 나옵니다. 엄마가 식구들을 급히 밖으로 몰아낸 뒤 "20달러 몇 장 놓고 나오라"고 하는 것은, 계산할 겨를도 없이 자리를 떠야 했지만 낼 것은 넉넉히 내고 나오겠다는 뜻입니다. 그 시선을 혼자 다 받으며 다시 들어간 것이 릴리라는 점도 함께 보아야 합니다.
23	Consequences	a classic Korean painting of a tiger	까치호랑이 (조선 민화의 웃는 호랑이 그림)	조선 후기에 널리 그려진 민화로, 소나무 위의 까치와 그 아래 호랑이를 함께 그린 것을 까치호랑이(작호도)라 합니다. 정월에 대문이나 벽에 붙여 나쁜 기운을 막는 그림이었고, 사납게 그리지 않고 눈이 크고 어쩐지 웃는 듯 어리숙하게 그린 것이 특징입니다. 릴리가 안내대 위에서 본 "눈이 떡처럼 둥글고 웃는 것처럼 보이는" 호랑이 그림이 바로 이것입니다. 일본 것과 중국 것으로 뒤범벅된 이 식당에서 한국 것은 이 그림 한 점뿐인데, 하필 호랑이에게 쫓기고 있다고 믿는 아이가 그 아래를 지나며 등이 서늘해집니다.
24	Side Effects	in God’s hands	신의 손에 달렸다 (미국에서 흔히 쓰는 체념 섞인 위로)	미국인은 열에 예닐곱이 기독교를 믿는다고 답하고, 사람 힘으로 어쩔 수 없는 일 앞에서 "이제 신의 손에 달렸다"고 말하는 것은 독실한 신자가 아니어도 쓰는 굳어진 표현입니다. 그래서 이 말은 신앙 고백이라기보다 더 할 수 있는 것이 없다는 체념에 가깝습니다. 본문은 엄마가 이 말을 하면서 "끝을 올려 마치 묻는 것처럼 들렸다"고 적어, 엄마 자신도 그 말을 믿지 못하고 있음을 드러냅니다. 곧이어 샘이 "내가 신을 안 믿으면요?"라고 되묻고 엄마가 "모르겠다"고 답하는데, 어른이 아이 앞에서 좀처럼 하지 않는 대답입니다.
25	A House Like a Museum	Rick	릭 (아들 리키에게 그대로 물려준 아버지의 이름)	미국에는 아들에게 아버지와 똑같은 이름을 붙이고 뒤에 Jr.(주니어)를 다는 관습이 있습니다. 한 집에 같은 이름이 둘이 되므로 아들은 대개 애칭으로 불러 구별하는데, 아버지가 Rick이고 아들이 Ricky인 것이 바로 그것입니다. 조상과 같은 이름을 쓰지 않는 한국과 정반대라 낯선 대목이고, 릴리도 "아들에게 자기 이름을 붙이는 아빠가 많다는 것은 알지만 여전히 이상하다"고 속으로 말합니다. 증조부가 지은 저택에 그대로 살고 제지공장을 대대로 물려받은 집안이라는 사실과 겹쳐 놓으면, 이름까지 물려주는 것이 이 집안의 방식임을 알 수 있습니다.
25	A House Like a Museum	Joan Ku	조앤 구 (엄마의 결혼 전 이름)	미국에서는 여자가 결혼하면 남편의 성으로 바꾸는 것이 오랜 관습이어서, 결혼 전 성을 maiden name이라 따로 부릅니다. 엄마의 원래 이름은 한국 성을 그대로 쓴 Joan Ku였고 아빠와 결혼하면서 Reeves가 되었습니다. 그래서 리키 아버지가 옛 이름으로 반갑게 부르자 엄마가 곧바로 "이제 리브스예요"라고 고쳐 주는 것입니다. 결혼해도 성을 바꾸지 않는 한국과 달라 이 사정을 알아야 읽히는 대목입니다. 아빠가 세상을 떠난 지 여러 해가 지났는데도 그 성을 굳이 지켜 내는 모습은, 23장에서 할머니가 "백인 남자를 따라갔다"고 서운해하던 말과 나란히 놓입니다.
25	A House Like a Museum	the paper mill	제지공장	나무를 갈아 종이를 만드는 공장으로, 워싱턴주는 침엽수림이 넓어 미국에서도 제지와 목재 산업이 크게 자리 잡은 곳입니다. 이런 소도시는 공장 하나에 마을 전체의 일자리가 걸려 있어서, 그 공장을 가진 집안이 사실상 마을의 주인 노릇을 합니다. 리키네가 바로 그 공장 주인집이라는 것을 엄마가 알려 주는 순간, 언덕 이쪽 집들은 왜 크고 페인트가 새것인지 반대로 도서관은 왜 지붕이 내려앉고 책이 몇 권 없는지가 한꺼번에 설명됩니다. 릴리가 "리키가 부자였구나" 하고 친구를 조금 다르게 보게 되는 대목이기도 합니다.
25	A House Like a Museum	Oriental rug	오리엔탈 러그 (페르시아·중앙아시아풍 무늬 융단)	페르시아와 튀르키예, 중앙아시아에서 손으로 짜던 무늬 융단을 서양에서 부르던 이름으로 지금도 카펫 업계에서는 이 말을 그대로 씁니다. 다만 Oriental을 사람에게 쓰는 것은 미국에서 인종차별적인 낡은 표현으로 여겨 쓰지 않습니다. 서양이 동양을 하나로 뭉뚱그려 신기한 물건처럼 바라보던 시선이 담긴 말이기 때문입니다. 한국계인 릴리와 엄마가 백인 부잣집 거실에 들어서자마자 붉은 Oriental rug이 눈에 들어오도록 배치한 것은 우연이 아니며, 같은 날 낮에 들렀던 Dragon Thyme의 뒤죽박죽 아시아 장식과 정확히 같은 시선입니다.
25	A House Like a Museum	bushes shaped like rabbits and cats	토피어리 (나무를 다듬어 모양을 낸 정원수)	나무나 관목을 깎아 동물이나 도형 모양으로 다듬는 정원 기법을 토피어리라 합니다. 고대 로마에서 시작해 유럽 궁전 정원에서 발달했고, 미국에서는 손이 워낙 많이 가는 일이라 사람을 두고 정원을 관리한다는 표시로 읽힙니다. 릴리는 이런 것을 처음 보고 "자연을 제 마음대로 다시 만들어 놓았다"며 눈을 떼지 못합니다. 담쟁이가 제멋대로 뒤덮은 할머니 집과 정확히 반대편에 있는 집이라는 것이 대문 앞 덤불 하나로 정해지고, 조금 뒤 릴리는 이 집을 "만지지 마세요, 물러서세요 하고 말하는 박물관"에 빗댑니다.
26	The Pinky Promise	A pinky promise	새끼손가락 걸고 하는 약속	영어로는 pinky promise 또는 pinky swear라 하고 pinky는 새끼손가락입니다. 두 사람이 새끼손가락을 걸고 흔들어 약속을 맺는데, 미국에서는 어기면 새끼손가락을 잘린다는 무서운 맹세로 알려져 있고 일본의 유비키리(손가락 자르기)에서 건너온 것으로 봅니다. 손가락을 걸고 도장까지 찍는 우리 방식과 뿌리가 같습니다. 이 장에서 자매는 각자 어디로 가는지 끝내 말하지 않은 채 새끼손가락만 걸고 헤어지는데, 말하지 않아도 지키겠다는 약속이라 오히려 무겁습니다. 그러고는 한 사람은 밧줄을 타고 내려가고 한 사람은 계단으로 내려갑니다. 옛이야기에서 자매가 하늘로 올라갈 때 잡았던 바로 그 동아줄과 계단입니다.
27	Jars of Love	Goodnight stars	잘 자, 별들아 (그림책 《Goodnight Moon》의 마지막 후렴)	마거릿 와이즈 브라운이 1947년에 낸 그림책 《Goodnight Moon》(잘 자요, 달님)의 마지막 대목입니다. 아기 토끼가 방 안의 물건에 하나씩 인사하다 "Goodnight stars. Goodnight air. Goodnight noises everywhere."로 끝나는데, 미국에서는 일흔 해 넘게 잠자리마다 읽어 주는 책이라 어른이면 첫 줄만 들어도 압니다. 본문은 출처를 밝히지 않고 이 구절을 할머니가 손녀에게 불러 주는 자장가로 슬쩍 얹어 놓았습니다. 한국 옛이야기 속 할머니가 미국 그림책의 구절을 노래한다는 것 자체가 이 이야기들이 어느 한 나라에만 속하지 않는다는 뜻이며, 마지막 낱말 everywhere가 빠진 채 줄표로 끊긴 것도 눈여겨볼 자리입니다.
27	Jars of Love	gnashed her terrible teeth	무시무시한 이를 갈았다 (그림책 《괴물들이 사는 나라》의 문장)	모리스 샌닥이 1963년에 낸 그림책 《Where the Wild Things Are》(괴물들이 사는 나라)에서 가장 유명한 문장입니다. 원문은 "they roared their terrible roars and gnashed their terrible teeth and rolled their terrible eyes"로, 괴물들이 맥스를 겁주려고 몸짓하는 대목입니다. 본문이 바로 앞에서 소녀를 "A wild thing"이라 부른 것까지 합치면 이 그림책을 그대로 가리키고 있습니다. 그 책에서 괴물들의 나라를 다스리게 되는 것이 결국 맥스라는 아이이듯, 여기서도 호랑이로 변한 것은 괴물이 아니라 어린 손녀입니다. 무섭게 보이는 쪽이 실은 겁먹은 아이라는 점이 두 이야기의 공통점입니다.
28	Kimchi at Midnight	three heads	머리가 셋 달린 (괴물 보듯 빤히 쳐다볼 때)	영어에는 누가 자기를 이상한 사람 보듯 빤히 쳐다볼 때 "머리가 둘(셋) 달린 사람 보듯 본다"고 말하는 관용 표현이 있습니다. 상대가 나를 괴물 취급한다는 뜻이라 글자 그대로 옮기면 어리둥절해지는 대목입니다. 한밤중에 엄마가 조리대 위에 걸터앉아 손가락으로 김치를 집어 먹는, 평소라면 있을 수 없는 모습을 릴리가 빤히 쳐다보자 엄마가 이 말을 합니다. 규칙을 세우는 쪽이던 엄마가 스스로 규칙을 깨는 밤이고, 릴리와 엄마가 처음으로 비밀 하나를 나누어 갖는 장면이기도 합니다.
30	The Witch Lady	Dewey	듀이 (십진분류법을 만든 도서관학자 멜빌 듀이)	멜빌 듀이가 1876년에 만든 듀이 십진분류법은 세상의 모든 지식을 000부터 900까지 열 갈래로 나누고 그 아래를 다시 열씩 쪼개 책마다 번호를 매기는 방식으로, 미국 도서관은 거의 전부 이 방식을 씁니다. 한국십진분류법도 이것을 본떠 만든 것입니다. 왜 사서가 되었느냐는 물음에 조가 "듀이 때문"이라고만 답하는 것은 사람 이름을 댄 짧은 농담이자, 세상 모든 것이 제자리에 놓여 있다는 생각이 좋았다는 고백이기도 합니다. 그런 조가 곧이어 "이야기는 정리되지 않는다, 이야기는 물 같은 것"이라고 말하는 대목이 이 장에서 가장 중요한 자리입니다.
30	The Witch Lady	where are you from	어디서 왔니 (아시아계 미국인이 자주 듣는 질문)	미국에서 백인이 아닌 사람에게 이 질문을 던지면 "지금 어디 사느냐"가 아니라 "너희 집안은 원래 어느 나라 사람이냐"를 묻는 것일 때가 많습니다. 미국에서 나고 자랐어도 진짜 미국인으로 보지 않는다는 뜻이 깔려 있어서, "여기서 태어났는데요"라고 답하면 "아니, 진짜로 어디 출신이냐(Where are you really from?)"가 따라붙는 것이 정해진 수순입니다. 그래서 이 질문은 미국에서 아시아계가 가장 자주 겪는 무례로 꼽힙니다. 릴리가 "길 건너에서요"라고 곧이곧대로 답한 뒤 "그가 바란 답은 이게 아니었던 것 같다"고 느끼는 대목은 그 속뜻을 알아야만 읽힙니다.
30	The Witch Lady	witch lady	마녀 아줌마	서양에서 마녀는 동화 속 존재만이 아닙니다. 1692년 미국 세일럼에서 스무 명 남짓이 마녀로 몰려 처형된 일이 있었고, 그 대상은 대개 혼자 사는 나이 든 여자, 이방인, 낯선 것을 믿는 사람이었습니다. 그래서 미국에서 어떤 여자 노인을 "마녀"라 부르는 것은 단순한 놀림이 아니라 오래된 낙인을 불러오는 말입니다. 허브를 말리고 액막이를 하며 언덕 위 담쟁이 덮인 집에 사는 한국인 할머니가 이 마을에서 "미친 마녀 아줌마"로 불리는 이유가 이것이고, 릴리가 아무 말도 못 하고 서 있는 사이 그 이름이 굳어 갑니다.
30	The Witch Lady	brownies	브라우니 (미국에서 할머니 하면 떠올리는 과자)	미국 대중문화가 그리는 전형적인 할머니는 쿠키와 브라우니를 구워 주고 흔들의자에 앉아 목도리를 뜨는 사람입니다. 광고와 그림책과 영화가 오래 되풀이해 온 그림이라 아이들 머릿속에 하나의 기준처럼 박혀 있습니다. 릴리가 잠깐이나마 "김치 대신 브라우니를 굽고, 이상한 한국 약초를 섞는 대신 목도리를 뜨는 평범한 할머니였으면" 하고 바라는 대목이 아픈 것은 그래서입니다. 자기 할머니를 남의 잣대에 대 보고 미달이라고 판정해 버린 순간이고, 릴리는 곧바로 "그럼 나도 정상이 아니다"라는 데까지 생각이 미칩니다.
32	Trying Our Best	translating	통역해 주면서	영어가 서툰 이민 부모를 대신해 아이가 통역을 하고 서류를 쓰고 관공서와 병원 일을 처리하는 것을 미국 연구자들은 language brokering이라 부릅니다. 이민 가정에서 매우 흔한 일로, 아이는 또래보다 일찍 어른 노릇을 하는 대신 제 부모가 무시당하는 장면을 옆에서 다 보게 됩니다. 엄마가 "할머니의 작은 조수로 따라다니며 통역하고 영어로 다 받아 적었다"고 말하는 한 줄이 엄마라는 사람을 거의 다 설명합니다. 규칙과 순서에 매달리고 늘 흠 없는 영어를 쓰며 회계사가 된 것도, 할머니의 방식에서 멀어진 것도 여기서 시작됩니다.
33	As You Wish	Knock on wood	나무를 두드려 (불길한 말을 한 뒤 액운을 무르는 미신)	영어권에는 나쁜 일을 입에 올렸거나 제 복을 자랑한 뒤에 나무를 세 번 두드리며 "knock on wood"라고 말해 액운을 되돌린다는 미신이 있습니다. 영국에서는 touch wood라고 합니다. 나무에 깃든 정령이 지켜 준다는 옛 믿음에서 왔다고 하며, 지금은 미신을 믿지 않는 사람도 습관처럼 씁니다. 우리말로 "말이 씨가 된다"며 뱉은 말을 서둘러 거두는 것과 자리가 같습니다. 샘이 "그냥 빨리 끝나 버렸으면 좋겠다"고 말하자 릴리가 곧바로 "취소해. 나무 두드려"라고 다그치는 것이 그래서인데, 샘은 "이제 그런 거 안 믿어"라고 잘라 말합니다.
34	Super Tiger Girl	harmony	하모니 (리키가 halmoni를 잘못 발음한 말)	리키는 릴리를 배려한다며 한국말 halmoni를 쓰려다 harmony, 곧 화음이라고 발음합니다. 릴리가 "할-머-니예요, 하모니가 아니라"라고 고쳐 주는데도 조금 뒤에는 또 hail-money처럼 부릅니다. 소리가 비슷한 영어 낱말로 자꾸 미끄러지는 것이라 우리말로 옮기면 농담이 통째로 사라집니다. 다만 이 대목은 놀리는 장면이 아닙니다. 서툴러도 남의 나라 말로 불러 보려 애쓰는 쪽이 리키이고, 릴리도 "계속 틀리지만 애쓰고 있으니 고맙다"고 받아들입니다. 30장에서 친구들과 함께 할머니를 마녀라 부르던 아이가 달라지는 자리입니다.
34	Super Tiger Girl	the den	덴 (미국 집의 아늑한 가족실 — 짐승 굴이라는 뜻도 있다)	den은 미국 주택에서 거실과 따로 두는 작고 아늑한 방으로 텔레비전을 보거나 책을 읽는 자리입니다. 그런데 den에는 사자굴이나 호랑이굴처럼 짐승이 새끼를 치고 사는 굴이라는 뜻도 있습니다. 리키 아버지가 "친구를 den으로 데려가라"고 말하자 릴리가 속으로 "그 말에는 어쩐지 살인 사건 같은 느낌이 있다"고 받아치는 것이 그래서 우스운 대목입니다. 호랑이 굴을 찾아 헤매는 아이가 하필 den이라는 이름의 방으로 안내받는 셈이어서, 이 낱말이 두 뜻으로 겹쳐 울립니다.
34	Super Tiger Girl	Raisinet	레이즈넷 (초콜릿을 씌운 건포도 과자)	건포도에 밀크초콜릿을 입힌 미국 과자로 1927년에 나와 영화관 매점에서 특히 많이 팔립니다. 짙은 갈색의 자잘한 알갱이 모양이라 바닥에 떨어져 있으면 쥐나 토끼의 똥과 구별하기 어렵다는 것이 미국에서 흔한 농담거리입니다. 리키가 흙 먹은 것쯤은 아무렇지 않다며 "지렁이도 먹어 봤고, 한 번은 분명 레이즈넷이 아니었던 레이즈넷도 먹었다"고 말끝을 흐리는 대목이 바로 그 농담입니다. 이 과자가 어떻게 생겼는지 알아야 리키가 무엇을 먹었다는 소리인지 알 수 있습니다.
34	Super Tiger Girl	Siberia	시베리아	시베리아호랑이(아무르호랑이)는 지금 남아 있는 호랑이 가운데 가장 크며, 본래 한반도와 만주와 러시아 연해주에 걸쳐 살던 같은 아종입니다. 우리 옛이야기에 나오는 호랑이가 바로 이 호랑이입니다. 20세기 들어 가죽을 노린 사냥과 서식지 파괴로 한때 야생에 마흔 마리 안팎만 남았고, 지금은 러시아 연해주를 중심으로 수백 마리가 보호받는 반면 한반도에서는 야생 개체가 사라졌습니다. 리키의 증조부가 시베리아로 사냥 원정을 다녔다는 말과, 11장에서 리키가 "지금은 불법이라 아빠가 말하지 말라고 한다"며 얼버무린 것이 여기서 이어집니다.
34	Super Tiger Girl	stay-at-home mom	전업주부 어머니	미국에서 stay-at-home mom은 직업란에 그대로 적는 하나의 자리이고, 아이의 학교 생활과 숙제와 방과 후 일정을 도맡는 것을 제 몫으로 삼습니다. 그래서 아이가 자라 더는 손이 필요 없어질 때 자기 자리가 사라졌다고 느끼는 일이 흔하고, 미국 이야기에 자주 나오는 소재이기도 합니다. 리키가 "엄마는 전업주부였고 늘 숙제를 봐 줬는데, 요즘 내가 학교에서 잘하게 되면서 도움이 필요 없어졌고 그래서 내가 없어도 괜찮다고 생각했나 보다"라고 말하는 것이 이것입니다. 리키가 왜 일부러 공부를 놓아 버리는지가 이 한마디로 풀립니다.
35	Just Jars	fly market	파리 시장 (할머니가 flea market을 잘못 말한 것)	flea market은 벼룩시장, 곧 헌 물건을 늘어놓고 파는 장입니다. 19세기 파리의 헌 물건 장터에 벼룩이 들끓는다 하여 붙은 이름이고 우리말 벼룩시장도 이 말을 그대로 옮긴 것입니다. 할머니는 flea(벼룩)를 fly(파리)로 바꿔 fly market이라 말하고, 릴리가 곧바로 알아듣고 고쳐 줍니다. 할머니의 서툰 영어가 만들어 낸 마지막 말장난입니다. 그런데 이 짧은 실수 바로 뒤에 소설에서 가장 큰 것이 뒤집힙니다. 별을 담아 두었다던 항아리가 실은 바닷가 벼룩시장에서 사 온 그냥 항아리였다는 말이 여기서 나오기 때문입니다.
37	Supernova	supernova	초신성	초신성은 별이 생의 마지막 단계에서 매우 밝게 폭발하는 현상입니다. 특히 질량이 큰 별의 핵붕괴 초신성은 별 내부에서 만들어진 원소를 우주 공간으로 흩뿌리고, 폭발 과정에서도 일부 무거운 원소가 만들어집니다. 다만 철보다 무거운 모든 원소가 초신성에서만 생기는 것은 아니며 중성자별 병합이나 다른 별 내부 과정도 중요한 기원입니다. 릴리는 5학년 천문 단원에서 배운 초신성을 떠올리며 별 항아리를 깨뜨리는 일을 ‘나만의 초신성’이라고 부릅니다. 별이 사라지는 동시에 그 물질이 다음 세대의 재료로 퍼지듯, 봉인된 이야기도 깨진 뒤 가족 안으로 퍼지기 시작한다는 비유입니다.
39	Dad's List	his favorite picture books	아빠가 제일 좋아하던 그림책들	샘이 아빠를 잊지 않으려고 밤마다 외던 목록에서, 아빠가 매일 밤 읽어 주던 그림책 세 권의 이름이 처음으로 한자리에 나옵니다. 《If You Give a Mouse a Cookie》(생쥐에게 과자를 주면), 《Where the Wild Things Are》(괴물들이 사는 나라), 《Goodnight Moon》(잘 자요, 달님)으로 미국 아이라면 누구나 거쳐 가는 책들입니다. 그런데 이 세 권은 앞에서 이미 출처 없이 지나갔습니다. 5장에서 호랑이가 떡을 받아먹는 대목, 27장에서 소녀가 "무시무시한 이를 갈던" 대목, 그리고 할머니가 불러 주던 자장가가 각각 그것입니다. 아빠를 기억하지 못한다고 믿었던 릴리의 이야기 속에 아빠가 읽어 준 문장들이 이미 들어와 있었다는 뜻이라, 이 장에서 가장 조용하고 중요한 자리입니다.
40	Breaking In	getaway driver	도주 차량 운전자	은행을 털러 들어간 일당이 나올 때까지 밖에서 시동을 걸어 놓고 기다리다 태우고 달아나는 역할로, 미국 범죄영화에 빠지지 않고 나오는 자리입니다. 릴리가 한밤중에 잠긴 도서관 창문으로 기어들려 하자 샘이 "내가 네 도주 차량 운전자가 되어 주겠다"고 받아치는 것이 그래서 우스운 대목입니다. 게다가 샘은 바로 조금 전 빗속에서 운전을 못 하겠다며 차를 세운 참이라 "물론 나는 비 오는 날 운전을 못 하지만"이라고 스스로 덧붙입니다. 무섭고 급한 밤에 두 자매가 처음으로 함께 웃는 자리입니다.
41	More Than One Truth	strep	연쇄상구균 인두염 (미국 아이들이 흔히 걸리는 목 감염)	strep throat의 줄임말로 연쇄상구균이 목에 감염되어 열이 나고 목이 몹시 아픈 병입니다. 미국 학교에서 워낙 흔해 아이가 목이 아프다고 하면 병원에서 면봉으로 목을 훑어 몇 분 만에 결과를 보는 신속검사를 하고, 항생제를 하루쯤 먹으면 다시 등교합니다. 우리가 편도염이라 부르는 것과 겹치지만 미국 아이에게는 감기만큼 익숙한 이름입니다. 릴리가 "아프다는 건 샘이 독감에 걸려 코가 빨개진 것, 내가 strep에 걸려 목이 부었던 것"이라고 늘어놓는 것은 누구나 겪고 지나가는 병들을 꼽은 것이고, 그래서 곧바로 "이건 그런 아픔이 아니다"라는 말이 뒤따릅니다.
41	More Than One Truth	scrubs	수술복 (의료진이 병원에서 입는 헐렁한 상하의)	의사와 간호사가 병원에서 입는 헐렁한 반팔 상의와 바지입니다. 원래 수술실에 들어가기 전 손과 팔을 빡빡 문질러 씻는(scrub) 데서 이름이 왔고, 지금은 병원 전체에서 입으며 부서마다 색을 달리하기도 합니다. 미국 병원을 그린 이야기에서 인물의 옷을 scrubs라고만 적어도 곧바로 의료진임을 알 수 있는 표시입니다. 릴리를 찾아 나온 사람이 "분홍색 수술복에 주황색 립스틱을 바른 아시아계 간호사"로 그려지는데, 이 마을에서 릴리네 식구 말고 아시아계가 등장하는 몇 안 되는 자리이기도 합니다.
45	Even If Things Aren't Perfect	cheesy posters	촌스러운 포스터들	도서관이 왜 그렇게 알록달록한지, 직원 휴게실 벽에 왜 나뭇가지에 매달린 고양이 포스터가 붙어 있는지가 이 한 줄에서 풀립니다. 오래전 할머니가 이 도서관을 자기 일거리로 삼아 밝은 색을 칠하고 이런 포스터들을 붙여 두었던 것입니다. 9장에서 어린 릴리가 알록달록한 문틀과 창틀을 보고 「헨젤과 그레텔」의 과자집 같다며 무서워한 것도, 10장에서 "저 고양이 포스터는 조가 붙였을 리 없다"고 짚은 것도 여기서 한꺼번에 답을 얻습니다. 릴리가 무서워하던 그 집을 꾸민 사람이 실은 할머니였다는 것을, 할머니가 떠난 뒤에야 알게 되는 자리입니다.
46	Invisible Things	a black bowler hat	검정 볼러 햇 (챙이 좁고 위가 둥근 중산모)	1849년 영국에서 만들어진 둥근 모직 모자로 윗부분이 반구처럼 둥글고 챙이 좁게 말려 있습니다. 한때 영국 신사의 상징이었다가 찰리 채플린이 쓰면서 우스꽝스러움의 표시가 되기도 했고, 지금은 일부러 옛 멋을 내는 사람이 쓰는 모자입니다. 리키가 쓰고 나온 모자를 차례로 늘어놓으면 뉴스보이 캡, BEANS라고 적힌 비니, 위장무늬 실크해트, 아무 무늬 없는 검정 야구모자, 그리고 이 볼러 햇입니다. 사과하러 만나던 날에만 평범한 야구모자를 썼다가 마지막 장에서 "할머니가 좋아했을 화려한" 볼러 햇으로 돌아온 것이라, 모자 하나로 리키가 제자리를 찾았음을 알려 줍니다.
