chapter_no	chapter_title	question_no	question	choice_1	choice_2	choice_3	choice_4	answer	evidence	explanation
1	The Tiger in the Road	1	릴리가 자신에게 있다고 믿는 능력은?	동물과 말하는 것	아주 빨리 달리는 것	투명해지는 것	미래를 보는 것	3	[RED: I can turn invisible. It’s a superpower, or at least a secret power. But it’s not like in the movies, and I’m not a superhero, so don’t start thinking that.] Heroes are the stars who save the day.	릴리는 자신이 남의 눈에 띄지 않는 것을 마법이라고 부릅니다.
1	The Tiger in the Road	2	언니 샘은 릴리의 그 능력을 뭐라고 부르나요?	그냥 수줍음	거짓말	병	진짜 마법	1	But now I understand: it’s because I’m magic. [RED: My older sister, Sam, says it’s not a real supersecret power—it’s just called being shy. But Sam can be rude.] And the truth is, my power can come in handy.	샘은 마법이 아니라 소심한 성격일 뿐이라고 말합니다.
1	The Tiger in the Road	3	What is the name of Halmoni's town?	Rainville	Moonbeam	Sunbeam	Sunshine	3	But she ticks the windshield wipers up a notch and taps the brakes until we’re going slug-slow. [RED: The rain started as soon as we entered Washington State, and it only gets worse as our car inches past the hand-painted WELCOME TO SUNBEAM! sign.] Welcome to Halmoni’s town, a town of nonstop rain, its name like an inside joke.	손으로 쓴 표지판에 마을 이름 Sunbeam이 적혀 있습니다.
1	The Tiger in the Road	4	엄마가 캘리포니아를 떠난 이유로 든 것은?	새 직장을 구해서	할머니와 더 지내려고	샘의 학교 문제로	집세가 비싸서	2	I’m just trying not to think about that. [RED: “I thought you should spend more time with your grandmother. I thought you enjoyed that.” Mom’s tone is clipped.] The rain has gotten heavier, and it sucks up her focus.	엄마는 아이들이 할머니와 더 지내야 한다고 생각했습니다.
1	The Tiger in the Road	5	가족이 빗길 운전을 특히 불안해하는 이유는?	아빠가 사고로 돌아가셔서	길이 험해서	차가 낡아서	엄마가 초보라서	1	The rain has gotten heavier, and it sucks up her focus. [RED: Her fingers white-knuckle the steering wheel. None of us like the idea of driving in this weather, not after Dad died.] I concentrate on the steering wheel and squint a little, sending safety vibes with my mind, like Halmoni taught me.	아빠를 잃은 뒤로 온 가족이 빗속 운전을 두려워합니다.
1	The Tiger in the Road	6	릴리가 들은 '쿵' 소리의 정체는?	샘의 휴대폰이 떨어진 소리	천둥소리	트렁크가 열린 소리	호랑이를 친 소리	1	Nothing’s there. [RED: Mom’s jaw tightens. “Sam, please don’t throw your expensive phone around.” I stare at them, confused.] If the thud was just her phone hitting the floor—	엄마의 말에서 샘이 던진 휴대폰 소리였음이 드러납니다.
1	The Tiger in the Road	7	What happens to the tiger after the car passes?	It runs into the woods.	It disappears.	It is hit by the car.	It jumps onto the hood.	2	If the thud was just her phone hitting the floor— [RED: I twist to look for the tiger, but all I see is rain and road. The tiger disappeared.] “Lily?”	뒤를 돌아봤을 때 도로에는 비와 길뿐이었습니다.
2	Long, Long Ago	1	할머니가 이야기를 시작할 때 늘 쓰는 첫 문장은?	Long, long ago, when tiger walked like man...	Once there was a girl who could fly...	In a land far across the sea...	Listen closely, my child...	1	[RED: Halmoni’s stories all start the same way, with the Korean version of “once upon a time”: Long, long ago, when tiger walked like man…] Back in California, in the weeks leading up to Halmoni’s visits, Sam and I would whisper those words to one another.	한국 옛이야기의 첫머리에 해당하는 문장입니다.
2	Long, Long Ago	2	자매가 가장 좋아하는 이야기의 두 주인공은?	언니(Unya)와 동생(Eggi)	나무꾼과 선녀	어부와 그의 딸	두 형제	1	Our favorite story. [RED: “The one about Unya,” Sam would say. Big sister. “And Eggi,” I would add. Baby sister. “The tiger story.”] That story always felt special, like there was a secret shimmering beneath the words.	샘은 언니를, 릴리는 동생을 골라 부르며 이야기를 청합니다.
2	Long, Long Ago	3	Why must they run to the house in the rain?	Mom forgot the umbrellas.	The driveway is flooded.	Halmoni locked the garage.	The car breaks down.	1	She plasters a grin on her face, trying to be cheerful, to erase all the bickering and stress of the car ride. [RED: “Bad news: I left the umbrellas back in California.” She grins, like Ha-ha, whoops, funny. “So we’ve just gotta make a break for it.”] I stare at Halmoni’s home.	엄마가 우산을 캘리포니아에 두고 왔습니다.
2	Long, Long Ago	4	Where is Halmoni's house?	Next to the school	Right on the beach	In the middle of town	Across from the library	4	Finally, we reach Halmoni’s house. [RED: It’s a small cottage, at the edge of town, at the top of a hill, across the street from the library and surrounded by woods.] Mom turns onto the long driveway, and we crunch-crunch up the gravel, until we reach the top.	언덕 꼭대기, 도서관 건너편의 작은 오두막입니다.
2	Long, Long Ago	5	현관에 도착한 세 사람에게 벌어진 일은?	할머니가 반겨 주었다	문이 잠겨 있고 할머니가 없었다	정전이 되었다	이웃이 열쇠를 주었다	2	By the time Sam and I get to the top of the stairs—panting, dripping—I’ve wrung all the air out of my lungs, and my heart is bursting. [RED: Mom waits for us on the front stoop, which is nice, I guess, but kind of strange because she should open the door and go inside. She shakes her head and frowns. “Halmoni isn’t answering,” she says. “She’s not here.”]	힘들게 계단을 올라왔지만 할머니는 집에 없었습니다.
3	The Blocked Basement	1	엄마가 잠긴 집에 들어간 방법은?	이웃에게 열쇠를 빌렸다	뒷문이 열려 있었다	열쇠로 문을 열었다	거실 창문으로 넘어 들어갔다	4	“Well, this is normal,” Sam says, voice laced with sarcasm. [RED: Then Mom shoves the window open. She glances over at us before hoisting herself up and tumbling headfirst into the house.] “Whoa,” I whisper.	엄마는 거실 창문을 열고 머리부터 넘어 들어갔습니다.
3	The Blocked Basement	2	아빠가 돌아가셨을 때 두 자매의 나이는?	샘 9살, 릴리 6살	샘 5살, 릴리 3살	샘 10살, 릴리 7살	샘 7살, 릴리 4살	4	“That’s just naive,” she mutters. [RED: Thinking about Dad is different for Sam than it is for me. She’s old enough to remember him. When he died in a car accident, she was seven. I was only four.] “Sam…,” I start, but I don’t know how to finish the sentence.	샘은 아빠를 기억하지만 릴리는 너무 어려서 기억하지 못합니다.
3	The Blocked Basement	3	What is blocking the basement door?	A heavy bookshelf	Baskets of dried herbs	A locked iron gate	Korean chests and boxes	4	At the other end of the living room, there’s Halmoni’s bedroom, the bathroom, and two staircases: one that goes up to the attic bedroom, and one that goes down to the basement. [RED: But now, in front of the basement door, there’s a tower of engraved Korean chests and cardboard boxes, stacked like a barricade.] Mom shakes her head.	지하실 문 앞에 궤짝과 상자가 바리케이드처럼 쌓여 있습니다.
3	The Blocked Basement	4	릴리가 할머니 집에서 맡은 냄새가 아닌 것은?	세탁 세제	갓 내린 커피	메밀국수	세이지	2	And everywhere—in baskets hung from the ceiling, sitting on countertops, stuffed into bowls—are bundles of herbs and smudge sticks, to cast away bad energy. [RED: When I breathe the house in, the scent of buckwheat noodles, sage, and laundry detergent smells like home.] Sam’s less happy.	세 가지 냄새가 집 냄새로 나오고 커피는 언급되지 않습니다.
3	The Blocked Basement	5	예전에 이 집에 살 때 두 자매의 잠자리는 어땠나요?	할머니 방에서 잤다	각자 다른 방을 썼다	침대를 붙여 놓고 함께 잤다	거실에서 잤다	3	Upstairs, the attic room is creaky-cozy, with peaked ceilings, a full-length, wood-framed mirror, and two twin beds dressed in faded quilts. [RED: When Sam and I lived here, we pushed the beds together and curled into one another, trading stories in the dark. Now the beds are on opposite sides of the room, separated by the wide window.] Sam throws off her wet clothes, smears her dark makeup onto the clean towel, and tugs the black sequined nightgown on.	지금은 창문을 사이에 두고 침대가 양쪽으로 떨어져 있습니다.
3	The Blocked Basement	6	샘이 쓴 'QAG'는 무엇의 줄임말인가요?	Quiet Asian Girl	Quick Angry Girl	Quiet And Good	Queen Of All Games	1	You’re being a QAG.” [RED: QAG is Sam for Quiet Asian Girl. As in, a stereotype.] As in, Sam tries so hard not to be a stereotype that she wears black lipstick and bleached a lock of her hair and says every little thought that comes to mind.	아시아계 여학생에 대한 고정관념을 가리키는 말입니다.
3	The Blocked Basement	7	What does Lily think will happen if she rocks the boat too?	Mom will take her side.	Nothing will change.	Sam will listen to her.	The boat will flip.	4	You don’t have to be so afraid to rock the boat, you know.” [RED: What Sam doesn’t realize is that she’s already rocking our boat. If I rock it, too, the boat will flip. We’ll drown.] I listen to the rain beat against the roof, and I run my hand over the quilt.	릴리는 자기까지 나서면 가족이 무너진다고 믿습니다.
3	The Blocked Basement	8	3장 마지막에 벌어진 일은?	호랑이가 다시 나타났다	할머니가 돌아왔다	정전이 되었다	샘이 집을 나갔다	2	“Yeah,” I reply. [RED: I almost feel like I could tell her about the tiger dream-mirage-spirit thing. Then, downstairs, the door slams open. Halmoni’s home.]	릴리가 호랑이 이야기를 꺼내려던 순간 할머니가 돌아옵니다.
4	Food for the Spirits	1	할머니가 집에 들어서며 두 팔 가득 안고 있던 것은?	약봉지	꽃다발	음식이 든 장바구니 네 개	이불 보따리	3	Her jewel pendant rests in the U-shaped dip between her collarbones, deeper than before. [RED: But she’s still as glamorous as always, with her lips bright red, her hair permed and dyed blackest black. In her arms, she carries four big grocery bags, filled to the brim with food.] Mom’s already at the door, dressed in Halmoni’s pajamas and greeting her with questions—“Why weren’t you here?	엄마가 음식이 너무 많다고 할 만큼 잔뜩 사 왔습니다.
4	Food for the Spirits	2	What does Halmoni say about Sam's white streak?	She should dye it back.	It is bad luck.	It runs in the family.	It looks unnatural.	3	It’s unnatural.” Sam glares at Mom, and [RED: Halmoni twirls the streak in her fingers. “It run in our family. I have this when I little, too,” she says, winking at Sam and me. Mom’s voice is tight. “A bleached streak is not a genetic trait.”] Halmoni doesn’t even look at her.	할머니는 집안 내력이라며 샘의 편을 들어 줍니다.
4	Food for the Spirits	3	How does Halmoni stop Mom from lecturing her?	She turns on the TV.	She makes a sharp hissing noise.	She starts singing.	She leaves the room.	2	You need to—” [RED: “Tsst,” Halmoni hisses, holding up one finger. Sam and I used to watch a TV show about a dog trainer who used an angry hissing noise to tame dogs. This is the same noise.] Mom clenches her jaw, then tries another line of questioning.	개 훈련사가 개를 다스릴 때 내던 소리와 같은 소리입니다.
4	Food for the Spirits	4	할머니가 지하실 물건을 위로 올린 이유로 댄 것은?	손님이 와서	지하실을 고치려고	벌레가 생겨서	지하실에 물이 차서	4	She gestures to the stack of boxes and furniture in front of the basement door. [RED: Halmoni shrugs one shoulder. “The basement flood, so the stuff come up.”] Sam raises an eyebrow.	지하실이 물에 잠겨 짐을 올렸다고 말합니다.
4	Food for the Spirits	5	엄마는 어디서 자게 되었나요?	다락방	지하실	할머니 방	거실 소파	4	You—” She pauses. [RED: “Where am I supposed to sleep?” When we lived here before, Mom slept in the basement, wedged in between all Halmoni’s things. “You sleep in living room, on the couch,” Halmoni responds, like this is no big deal.] I expect Mom to argue, but she walks over to the boxes.	지하실을 못 쓰게 되어 거실 소파에서 자게 됩니다.
4	Food for the Spirits	6	할머니가 오늘은 상자를 옮기면 안 된다고 한 이유는?	허리가 아파서	오늘은 길한 날이 아니라서	상자가 너무 무거워서	비가 와서	2	Halmoni waves her arms in front of her, like she’s warding off Mom’s annoyance. [RED: “No, no. Today is not auspicious day. When I move boxes out, that is a lucky day. But today is dangerous day for spirits. We move another day.”] A dangerous day for spirits.	오늘은 영들에게 위험한 날이라 다른 날 옮기자고 합니다.
4	Food for the Spirits	7	할머니가 고사를 특히 꼭 지내야 한다고 말한 날은?	생일날	비가 오는 날	큰 변화가 있는 날	보름달이 뜨는 날	3	They warm my fingers. [RED: “This very important to do on days of big change,” Halmoni tells me as she pours wine into small ceramic bowls. “When people come in. When people go out. We do this to keep spirits happy.”] She leans closer, her breath tickling my ear.	사람이 들고 나는 큰 변화의 날에 지낸다고 합니다.
4	Food for the Spirits	8	샘이 고사를 싫어하게 된 계기는?	친구들이 놀려서	음식이 맛없어서	릴리가 그 음식이 아빠를 위한 것이라고 말해서	할머니에게 혼나서	3	When I was little, I used to pretend that Dad would come for kosa, to eat with us. [RED: I made the mistake of telling Sam once that the food was for him. Her face twisted up and she spat, He’s dead. This isn’t a game. She never liked kosa after that.] After Halmoni heats a plate of red-bean rice cakes, she hands them to me, and I arrange them in a bamboo basket, the way she taught me.	아빠가 오신다는 릴리의 말에 샘이 크게 화를 낸 뒤부터입니다.
4	Food for the Spirits	9	What does Halmoni say the tigers want back?	Something she stole from them	Their mountain	Her pendant	Their cubs	1	“Like what?” [RED: “The tigers looking for me,” she says, running her hand down my arm, lost in thought. “I steal something that belong to them—long, long ago, when I little like you—and now they want it back.”] “Wait, what?	어릴 적 호랑이들의 것을 훔쳤고 이제 되찾으러 온다고 말합니다.
5	The Sun and the Moon	1	이야기 속 할머니가 마을에 간 이유는?	친척을 만나러	약을 지으러	손녀들에게 줄 떡을 사려고	장을 보러	3	They were sisters, with long black braids, and they shared everything together, including a love of rice cakes. [RED: One day, the halmoni went into the village to buy rice cakes for her girls, but a tiger stopped her as she walked home.] He came out of nowhere—as if he had jumped from the sky—and stood right in front of her, blocking the path.	손녀들에게 줄 떡을 사서 돌아오는 길이었습니다.
5	The Sun and the Moon	2	What did the tiger wear as a disguise?	A straw hat	The halmoni’s head scarf	A white robe	A wooden mask	2	He wasn’t satisfied—tigers never are—but he was clever. [RED: He took Halmoni’s head scarf, and when he went to the little cottage days later, he wore it as a disguise.] Knocking on their door, the tiger said, Little girls, I am your halmoni.	잡아먹은 할머니의 머릿수건을 쓰고 찾아옵니다.
5	The Sun and the Moon	3	두 소녀가 결국 문을 열어 준 까닭은?	호랑이 목소리를 못 알아봐서	동생이 할머니가 너무 그리워서	떡 냄새가 나서	비가 와서 불쌍해서	2	Little treats for Unya, for Eggi. [RED: The little sister wanted her halmoni so badly. And the tiger called to her, Trust me, Little Egg. Believe. So she ran to the front door and pulled it open.] Eggi held her breath, waiting.	동생이 할머니가 너무 보고 싶어 문을 열고 맙니다.
5	The Sun and the Moon	4	What did the sky god ask for in exchange for saving the girls?	A story	Their rice cakes	The tiger’s skin	Their names	1	Please please please. [RED: To her surprise, the sky god talked back. Hmmm, he said. Okay, fine. But tell me a story in exchange. Not even sky gods can resist a story.] So Eggi and Unya thought fast, and they told him a story.	하늘님도 이야기 앞에서는 못 견딘다고 합니다.
5	The Sun and the Moon	5	두 자매가 해와 달의 자리를 바꾼 이유는?	하늘님이 시켜서	달이 더 밝아서	언니가 밤이 무서워서	동생이 사람들의 시선을 싫어해서	4	So the older sister became the sun, and the younger sister became the moon. [RED: Unya was happy, but Eggi cried. Everyone always stared up at the moon, and she didn’t like that. She wanted to hide.] So the elder offered to trade places.	아무도 해는 똑바로 쳐다볼 수 없기 때문입니다.
6	The Empty Basement	1	릴리가 한밤중에 잠에서 깬 뒤 부엌으로 내려간 이유는?	배가 고파서	소리가 나서	숙제가 생각나서	목이 말라서	1	[RED: I wake up sweating. Sheets twisted, pillow damp, bed creaking. My stomach growls, and I realize I’m desperately hungry for midnight kimchi, so I untangle my blankets and slip out of bed.] As I tiptoe across the room, past my sister, I beg the noisy floorboards to keep quiet.	한밤중에 김치가 먹고 싶어 몰래 내려갑니다.
6	The Empty Basement	2	What has changed in front of the basement door?	A new lock has been added.	The door has been painted.	The boxes have been stacked higher.	The boxes have been pushed aside.	4	And then I stop. [RED: The boxes that were pressed up against the basement door have been shoved aside, leaving a clear path.] I know Mom wanted to move the boxes, but I didn’t think she cared enough to upset Halmoni.	문을 막고 있던 상자들이 옆으로 밀려나 길이 나 있었습니다.
6	The Empty Basement	3	지하실에 내려간 릴리가 알게 된 사실은?	물에 잠긴 적이 없이 바싹 말라 있었다	상자가 그대로 쌓여 있었다	창문이 깨져 있었다	물이 발목까지 차 있었다	1	Now: nothing. [RED: Nothing at all, not even water—even though Halmoni said the basement had flooded. I kneel on the floor and run my hand over the carpet. It’s bone dry.] Shouldn’t it be damp?	물이 찼다는 할머니의 말과 달리 바닥은 바싹 말라 있었습니다.
6	The Empty Basement	4	릴리가 욕실에서 본 검은 짐승의 정체는?	호랑이	그림자뿐이었다	토하고 있는 할머니	잠에서 깬 엄마	3	It growls and moves like all its bones are broken. [RED: My heart freezes over, but then the shadows slip away— And it’s not a beast at all. It’s Halmoni. And something’s wrong.]	그림자가 걷히자 몸을 웅크린 할머니가 있었습니다.
7	Just a Little Bug	1	할머니가 자기 병을 뭐라고 불렀나요?	나이 탓	체한 것	작은 딱정벌레	지독한 감기	3	“Are you—are you sick?” [RED: “Oh, yes, Lily. Only a little bit. How do you call it? A little beetle?” Sometimes I think she mixes up words on purpose, to make us laugh—to distract us. “A bug?” I clarify.] She nods.	a bug(잔병)을 beetle(딱정벌레)로 잘못 말한 것입니다.
7	Just a Little Bug	2	할머니의 평소 잠 습관으로 맞는 것은?	새벽까지 깨어 있는다	여덟 시 반에 자서 열두 시간을 잔다	낮잠을 자지 않는다	거실에서 잔다	2	Halmoni is so glamorous, and this is so…gross. [RED: Halmoni has always been the queen of sleep. She goes to bed at eight-thirty, sets her hair in curlers and wraps it in a head scarf, wears a face mask, and sleeps for twelve hours.] Nothing gets in the way of beauty sleep.	릴리는 할머니를 잠의 여왕이라고 부릅니다.
7	Just a Little Bug	3	아픈 할머니를 본 릴리의 행동은?	몸이 굳어 다가가지 못했다	문을 닫고 방으로 올라갔다	크래커와 물을 가져다주었다	엄마를 깨우러 갔다	1	Except, I guess, this. [RED: A good granddaughter would help her. A good girl would bring her crackers and water and hold her hair. But for some reason, I don’t move. As much as I try, I can’t force my legs to work, can’t make my hand push the door open.] I am not a good granddaughter.	도와야 한다고 생각하면서도 다리가 움직이지 않았습니다.
7	Just a Little Bug	4	What does Halmoni promise to tell Lily at the end of the chapter?	Where she has been	What she stole	Why she is sick	How to trap a tiger	2	I was thinking about…the tiger.” [RED: She looks at me for three long heartbeats, then holds out her hand. “Come lie with me,” she says. “I tell you now. I tell you what I stole.”]	자기가 무엇을 훔쳤는지 이제 말해 주겠다고 합니다.
8	The Stolen Stars	1	할머니 침대 옆 탁자에 새로 놓여 있던 것은?	액자 사진들	작은 주황색 약통들	마른 약초	돋보기	2	In the dark, I scan the room. [RED: On her nightstand, as usual: framed photos of me, Mom, Sam. Also on her nightstand, new: a row of tiny orange pill bottles. A whole family of them.] Before I can ask about them, she says, “I stole stories.”	처방약 통이 줄지어 놓여 있는 것을 릴리가 알아챕니다.
8	The Stolen Stars	2	According to Halmoni’s story, what are the stars made of?	Stories	Fire	Ice	Tears	1	I nudge closer to her, heart humming at those magic words. [RED: “Those stories come from a time when the night is black. Only darkness. And in the darkness, a princess lives in a castle in the sky. The princess very lonely, so she whisper stories to the night. And those stories become stars.”] When Halmoni told us to reach up and grab a story from the sky, I always thought it was just a fun game.	외로운 하늘 공주가 밤에 속삭인 이야기가 별이 되었습니다.
8	The Stolen Stars	3	할머니가 별을 훔치기로 마음먹은 이유는?	별을 팔아 돈을 벌려고	별이 아름다워서	호랑이가 미워서	슬프고 나쁜 이야기를 없애고 싶어서	4	They were about clever girls and loving families and warrior princesses who saved the day. [RED: “I hear my halmoni cry when she tell me sad stories, our Korean history,” she says. “I see my neighbors get scare. My friends get angry. And I think: Why do we have to hear bad stories? Isn’t it better if bad stories just go ’way?”] I swallow.	나쁜 이야기가 사람들을 아프게 한다고 생각했습니다.
8	The Stolen Stars	4	What did Halmoni do so the tigers could not follow her?	She asked the sky god for help.	She burned the forest.	She walled up the cave with rocks.	She hid in the river.	3	Then I tiptoe away from cave, so soft, hush-hush. [RED: Before I leave, I think, I be extra safe. I make sure they don’t follow. So I take rocks from the forest, one by one, and stack them at the mouth of the cave, until they make a wall. Big, heavy wall. Until the tigers trapped inside.”] I shudder, imagining the tigers clawing on the other side.	동굴 입구를 돌로 막아 호랑이들을 가두었습니다.
8	The Stolen Stars	5	할머니가 말한 가장 용감한 일은?	믿는 것	참는 것	도망치는 것	싸우는 것	1	“How did you know you’d be okay?” [RED: “I don’t. But I believe in me. When you believe, that is you being brave. Sometime, believing is the bravest thing of all.”] “So everything turned out fine?”	스스로를 믿는 것이 가장 용감한 일이라고 말합니다.
9	An Almost Me	1	아침에 엄마가 옷을 갖춰 입고 있던 이유는?	병원에 가려고	이삿짐을 찾으러	교회에 가려고	면접이 있어서	4	And I guess a nod is good enough for Mom, because she doesn’t push it. [RED: She plunks her mug on the coffee table as she stands—and when she does, I notice she’s dressed nicely, in a button-down shirt and work pants. “Are you hungry?” she asks. “No,” I say. “What are you wearing?” “I’ve got a job interview this morning,” she explains, as she clatters around the kitchen.] We’ve only been here for one night.	이사 온 이튿날 아침부터 면접을 보러 갑니다.
9	An Almost Me	2	캘리포니아에서 엄마가 하던 일은?	교사	간호사	회계사	기자	3	We’ve only been here for one night. [RED: Most moms would want to settle in and unpack, but of course my mom’s already got an interview lined up. She worked as an accountant back in California, and she worked a lot.] “But I have time to make you something,” Mom continues.	회계사로 일했고 일이 아주 많았습니다.
9	An Almost Me	3	Why did Halmoni first come to the United States?	To study	To find her mother	To sell rice cakes	To escape a war	2	I know she lived alone with her own halmoni. [RED: I know her mom moved to the States when she was very little. Halmoni tried to find her when she moved out here herself—when I was just a baby—but I don’t think she ever did.]” “I meant more like…” Except how do I even explain this?	먼저 미국으로 떠난 어머니를 찾으러 왔지만 만나지 못했습니다.
9	An Almost Me	4	엄마가 릴리에게 제안한 것은?	함께 면접에 가자	할머니를 도와 드려라	캘리포니아 친구에게 전화해라	동네 아이들과 놀 자리를 만들어 주겠다	4	Mom takes a breath and plasters a smile on her face. [RED: “Anyway, you should meet some kids in the neighborhood. I have some high school friends with kids your age. I can set up a playdate.”] Mom does this when she wants to change the subject—just abruptly switches topics and acts like we were talking about it the whole time.	엄마의 고등학교 친구 자녀들과 만나게 해 주겠다고 합니다.
9	An Almost Me	5	어릴 적 릴리가 도서관에 들어가려 하지 않은 이유는?	사서가 무서워서	헨젤과 그레텔의 과자집처럼 보여서	길을 잃을까 봐	책이 재미없어서	2	The door and window frames were painted in bright, colorful patterns. [RED: But I told her: It looks like the gingerbread house from “Hansel and Gretel.”] I guess she’s forgotten about that.	알록달록하게 칠한 도서관이 마녀의 과자집 같았습니다.
9	An Almost Me	6	What does Lily do with the tea Mom makes for her?	She pours it down the sink.	She drinks it all.	She gives it to Sam.	She leaves it on the table.	1	It’s not like she’s paying attention. [RED: I get up to pour the tea down the sink, and the swirl of brown water thrills me. It feels reckless and wasteful, but in a good way.] I drop the mug in after it—only with too much force.	차를 싫어하는데도 엄마가 내주자 몰래 버립니다.
10	The Gingerbread Library	1	도서관에 들어선 릴리에게 사서 조가 처음 물은 것은?	이름이 무엇이냐	도서관 카드가 있느냐	누구를 찾느냐	어디서 왔느냐	2	It’s a library. [RED: “You have a card?” he asks. I’m not sure what he means at first. “Oh, right. A library card. Um…no.”] I step up to the desk, even though he kind of scares me.	카드가 없다고 하자 할머니 계정에 넣어 주겠다고 합니다.
10	The Gingerbread Library	2	How does Joe figure out who Lily is?	She is Ae-Cha’s granddaughter.	He recognizes her coat.	She shows him her card.	Jensen tells him.	1	I just moved in with her.” [RED: His eyebrow quirks up, and he nods once, in what might be approval. He’s still frowning, but less so. “You’re Ae-Cha’s granddaughter,” he confirms. “I’ll put your card under her account.”] I thank him as he types my information on his clacky keyboard.	할머니의 한국 이름을 대며 손녀임을 알아봅니다.
10	The Gingerbread Library	3	조가 할머니에 대해 한 말은?	도서관을 싫어했다	한 번도 만난 적이 없다	신세를 진 적이 있다	책을 자주 빌려 갔다	3	I thank him as he types my information on his clacky keyboard. [RED: “Good woman,” he says after a few moments. “Shock to this town’s system when she moved here, that’s for sure. But I owe her. And Joan—your mother?—followed her everywhere.”] “Oh,” I say.	할머니에게 빚진 것이 있다고만 말하고 넘어갑니다.
10	The Gingerbread Library	4	What does Jensen tutor?	High school math	Elementary science	Piano	Middle school language arts	4	I refocus on Jensen, who keeps talking. [RED: “I tutor for middle school language arts. So if you’re ever looking for help, let me know.”] My voice scratches when I speak, like it always does when I talk to strangers.	중학교 국어(영어) 과목 과외를 맡고 있습니다.
10	The Gingerbread Library	5	직원 휴게실 벽에 붙어 있던 포스터의 문구는?	BE KIND	DREAM BIG	HANG IN THERE	READ MORE	3	Inside I see a mini-refrigerator, a cupboard, two chairs, and the back door of the library. [RED: On the wall by the door is a faded poster of a cat hanging from a tree, with the words HANG IN THERE written in white bubble letters. I don’t know who put that up, but I’m pretty sure it wasn’t Joe.] “This is the staff room,” Jensen explains, “but I always tell my tutees they can come back here.	나뭇가지에 매달린 새끼 고양이 사진이 있는 낡은 포스터입니다.
10	The Gingerbread Library	6	젠슨이 릴리에게 건넨 초콜릿 컵케이크를 만든 사람은?	젠슨의 어머니	가게에서 사 온 것	젠슨	조	4	But I shake away my panic and thank her as I accept the cupcake. [RED: Jensen leans in and lowers her voice. “I’ll let you in on a secret: Joe made it.”] I raise my eyebrows, and she laughs.	무뚝뚝한 사서 조가 직접 구운 것이었습니다.
10	The Gingerbread Library	7	릴리의 호랑이 이야기를 들은 젠슨이 떠올린 서양 이야기는?	신데렐라	잠자는 숲속의 공주	빨간 모자	백설공주	3	And then he chases them and—” [RED: “That sounds like ‘Little Red Riding Hood’!” Jensen interrupts. “No, that’s a wolf,” I say. “And this story is from Korea.”] She runs her finger along the book spines, absentmindedly.	릴리는 그건 늑대이고 이건 한국 이야기라고 바로잡습니다.
10	The Gingerbread Library	8	What is the name of the only Asian restaurant in town?	Golden Wok	Dragon Thyme	Tiger Garden	Sunbeam Noodle	2	“To be honest, this town is pretty white, so you’re not going to find much about other cultures. [RED: Like, sometimes I pick up waitressing shifts at the only Asian restaurant in town—you know, Dragon Thyme? And I know, it’s a pretty cheesy name, and there’s no thyme in Asian food, but that’s just the town we live in]….” She clears her throat.	젠슨도 촌스러운 이름이라며 웃는 식당입니다.
11	A Collision Situation	1	릴리와 부딪친 남자아이의 차림새로 맞는 것은?	옛날식 신문팔이 모자를 썼다	모자를 쓰지 않았다	우비를 입고 있었다	야구 모자를 거꾸로 썼다	1	It’s a boy. [RED: A short white boy, wearing a bright orange shirt, black jeans, and an old-fashioned newsboy hat over shaggy brown hair.] “Sorry!”	주황색 셔츠에 옛날식 뉴스보이 캡을 쓴 아이였습니다.
11	A Collision Situation	2	When does Jensen tutor Ricky?	Only on weekends	Once a month	Every day	Tuesdays and Thursdays	4	“Lily just moved in with her grandmother, in the house across the street from here.” [RED: Gesturing to Ricky, Jensen adds, “Lily, this is Ricky, one of my summer tutees. We meet every Tuesday and Thursday.”] She turns directly to Ricky and says, “And the library isn’t sad.	여름 동안 화요일과 목요일에 만납니다.
11	A Collision Situation	3	리키가 도서관에서 읽고 있는 것은?	공룡 도감	초창기 슈퍼맨 만화	호랑이 사진집	탐정 소설	2	“No, I’m just looking for books.” [RED: His eyes go wide, and he looks at the shelves of comics. “Do you like comics, too? I love them. I’m reading through the original Supermans right now. Well, the issues that Joe has here, at least.] I know a lot of people think Superman’s not cool.	가장 좋아하는 히어로는 아니지만 기본이라서 읽는다고 합니다.
11	A Collision Situation	4	리키가 털어놓은 집안 이야기는?	증조할아버지가 호랑이 사냥꾼이었다	할아버지가 도서관을 지었다	아버지가 동물원에서 일한다	어머니가 만화가였다	1	“You can’t trust a tiger,” he repeats, like I’ve said something fascinating and he’s trying to commit it to memory. [RED: “I like that. My great-grandpa was a tiger hunter. But that’s actually really bad, because tigers are endangered and that’s illegal now, so my dad doesn’t want me to tell people about that.”] He pauses.	지금은 불법이라 아빠가 말하지 말라고 한다고 덧붙입니다.
12	Extra Protection	1	집에 혼자 남은 릴리가 계속 먹은 간식은?	쿠키	떡	감자칩	피넛버터 컵	4	The next afternoon, Mom’s at another interview, and Halmoni naps through lunch—which is unusual, because even though Halmoni loves to sleep, she loves eating even more. [RED: Sam’s upstairs on her computer, and I have nothing to do but snack on peanut butter cups, pace, and think about the tiger.] Here’s what I know:	릴리가 가장 좋아하는 과자입니다.
12	Extra Protection	2	What is the dried herb Halmoni tells Lily to keep in her pocket?	Mugwort	Sage	Pine needles	Ginger	1	“What is it?” [RED: “This mugwort,” she explains. “This my medicine to eat, but you don’t eat. You keep in you pockets, and it give you protection.”] I thank her and slip the dried herb into my pocket.	먹지 말고 주머니에 넣고 다니라고 합니다.
12	Extra Protection	3	할머니가 목에서 풀어 릴리에게 걸어 준 것은?	금반지	은팔찌	진주 펜던트 목걸이	옥 노리개	3	I thank her and slip the dried herb into my pocket. [RED: “And this…” She hesitates before reaching behind her neck and unlatching the necklace. The silver chain with the pearl pendant—her special necklace, the one she wears every day, the one she rubs between her fingers when she’s trying to find the right English words. “This help, too. You wear for protection, and it keep you safe.”] My pulse beats in every limb as she fastens it around my neck.	할머니가 날마다 걸고 다니던 목걸이입니다.
12	Extra Protection	4	Why does Sam refuse to drive?	She failed her test.	She is afraid of the dark.	She thinks of Dad’s car accident.	She has no permit.	3	Mom keeps bugging Sam to practice. [RED: But, of course, she won’t. Sam tried two lessons with her driving instructor and refused to get behind the wheel after that. Nothing bad happened, but she won’t do it because of Dad’s car accident.] Halmoni presses her palm against Sam’s cheek.	임시 면허가 있는데도 강습 두 번 만에 운전대를 놓았습니다.
12	Extra Protection	5	마트에 가기 전 할머니가 한 일은?	가계부를 챙겼다	이웃에게 전화했다	좋은 옷으로 갈아입었다	머리를 감았다	3	“No. I’ll come,” she says. [RED: Halmoni claps. “Good girls! I go change into fancy clothes.” Sam frowns. “Why?” “Grocery,” Halmoni answers before disappearing into her room.] Sam shakes her head, but a tiny smiles tugs at her lips.	"장 보러 가는데 왜 그러냐는 물음에 ""장 보러""라고만 답합니다."
12	Extra Protection	6	할머니가 삼십 분 안에 나와야 한다고 한 이유는?	가게가 문을 닫아서	곧 비가 온다고 해서	엄마가 돌아와서	약을 먹을 시간이라서	2	Sam raises an eyebrow when she sees the protection category, but she doesn’t say anything. [RED: “We have to leave here in half hour, because rain coming soon,” Halmoni says. Sam frowns. “It’s not gonna rain today. The weather app says there’s a zero percent chance.”] Halmoni just pats Sam’s head.	날씨 앱은 비 올 확률이 0퍼센트라고 했지만 할머니 말이 맞았습니다.
12	Extra Protection	7	What does the woman with red curly hair say Halmoni did for her?	She cured her asthma.	She lent her money.	She taught her to cook.	She found her lost dog.	1	“These my little ones.” [RED: “Your grandmother is the greatest,” the woman gushes to Sam and me. “She cured my asthma with her plants.”] Sam takes a very small step back.	마을 사람마다 할머니에 얽힌 이야기를 하나씩 갖고 있습니다.
12	Extra Protection	8	What does Lily hide behind while she eavesdrops?	A freezer door	A display of Lucky Charms boxes	A shopping cart	A row of coats	2	I tiptoe down the aisle until I reach the end. [RED: There’s a big BUY TWO, GET ONE FREE! display of Lucky Charms—about a hundred stacked cereal boxes—and I use it as a spy shield.] I peek out around the side.	시리얼 상자 더미를 방패 삼아 숨어서 엿듣습니다.
12	Extra Protection	9	릴리가 엿들은 리키 아빠의 말은?	같이 만들어 보자	엄마한테 물어보렴	그만 좀 떠들어라	집에 가자	3	With the laser only, so it’s not like he could actually feel it, and then—” [RED: “Will you just shut up?” The words echo through me. I feel the horribleness of them in my chest, squeezing hard.] Sam tugs at my shirtsleeve.	아들의 말을 끊어 버리는 이 한마디에 릴리가 얼어붙습니다.
12	Extra Protection	10	할머니가 리키와 그 아버지에게 남긴 말은?	남에게 폐를 끼치지 말라	아이는 어른 말을 들어야 한다	서로 사과하라	힘들 때일수록 서로 붙어 있으라	4	Now is not the time for one of Halmoni’s life lessons. Turning back to his dad, Halmoni says, [RED: “And when Ricky have struggle, you help him. We always remember to help each other. You both good boys, and you have hard times. I know that. But when you have hard times, you come together, not apart. Okay?”] Halmoni glows with both fierceness and kindness.	어려울 때 갈라서지 말고 함께 있으라고 당부합니다.
13	Fix It	1	할머니가 갑자기 차를 꺾은 이유는?	앞차가 급정거해서	샘이 소리를 질러서	길이 미끄러워서	길 한가운데 호랑이가 서 있어서	4	She stares straight ahead, shaking her head slightly. [RED: I follow her gaze—and I see the tiger. It stands right in front of us, eyes locked on Halmoni’s. And the weirdest thing—it’s like it’s not raining around the tiger.] The tiger isn’t getting wet, as if there’s a protective bubble around it, where the rain refuses to fall.	릴리와 할머니 둘 다 호랑이를 보았습니다.
13	Fix It	2	What is strange about the tiger standing in the road?	It is asleep.	It is much smaller.	It has no stripes.	The rain does not fall on it.	4	And the weirdest thing—it’s like it’s not raining around the tiger. [RED: The tiger isn’t getting wet, as if there’s a protective bubble around it, where the rain refuses to fall.] I turn to Halmoni, and I can tell she sees it, too.	이 장면은 40장에서 다시 중요한 뜻을 갖게 됩니다.
13	Fix It	3	차를 세운 뒤 할머니가 한 일은?	길가로 나가 토했다	차를 바꿔 몰았다	경찰에 신고했다	그대로 잠들었다	1	In the rearview mirror, Halmoni’s whole face puckers like a sour plum seed. [RED: Then Halmoni’s in motion, and we can’t stop her. She opens her door and hobbles over to the side of the road, clutching her stomach, hunched. She drops to her knees, and her body shakes as she coughs.] Sam and I rush out of the car, and I spin around, looking for the tiger, but it’s gone.	배를 움켜쥐고 길가에 주저앉습니다.
13	Fix It	4	할머니가 두 손녀에게 누구를 부르라고 했나요?	엄마	구급차	사서 조	이웃	1	And Sam stares back, eyes wide, hand shaking. [RED: “Mom,” Halmoni gasps. “Call you mom.”] Sam dials, and ten minutes later, Mom’s tires screech against the road behind us.	릴리는 911에 전화하자고 했지만 할머니는 엄마를 찾았습니다.
13	Fix It	5	별에게 어떻게 해야 하냐고 물은 릴리가 들은 답은?	기다려라	도망쳐라	고쳐라	잊어라	3	The stars seem to dance as we drive past, and even though they are light-lifetimes away, I can almost hear them, singing their stories. [RED: What do I do? I ask again. They wink at me. Fix it.]	이 말이 다음 장부터 릴리를 움직이게 합니다.
14	The Tiger’s Deal	1	한밤중에 나타난 호랑이에 대해 릴리가 놀란 점은?	새끼를 데리고 왔다	말을 하고 암컷이었다	몸집이 아주 작았다	다리를 절었다	2	The giant shadow steps forward, into the starlight, and it becomes the tiger—big as a car, filling the whole hallway. [RED: “You talk,” I whisper. And then, without meaning to, I add, “And you’re a girl.” I clamp my lips shut, because what a ridiculous thing to say.] She scoffs.	"호랑이는 ""이야기 하나 듣고 다 똑같은 줄 아느냐""고 쏘아붙입니다."
14	The Tiger’s Deal	2	What does the tiger say she came for?	The stars Halmoni stole	Lily’s help with a hunt	A place to sleep	Halmoni’s necklace	1	She makes a sound that’s halfway between a purr and a growl. [RED: “Your halmoni stole the stars, and I am here to collect them. That is all. Will you help me, little one?”] My mouth is so dry, I can barely form the word, but I manage.	할머니가 훔쳐 간 별을 되찾으러 왔다고 말합니다.
14	The Tiger’s Deal	3	호랑이가 말한, 이야기를 가두어 두면 생기는 일은?	호랑이가 약해진다	별이 꺼진다	이야기가 사라진다	마법이 상해 독이 된다	4	The tiger scared her. But the big cat continues, [RED: “Story magic is powerful, powerful enough to change someone. And when a story is locked away, its magic only grows. Sometimes it grows sour. The magic becomes a kind of poison. Do you understand?”] I refuse to respond.	가둘수록 마법이 커지다가 독으로 변한다고 합니다.
14	The Tiger’s Deal	4	호랑이가 내놓은 거래의 내용은?	샘의 기억을 지워 준다	별을 돌려주면 할머니가 낫는다	릴리를 호랑이로 만들어 준다	아빠를 다시 만나게 해 준다	2	“You’re lying,” I say, but my voice cracks. [RED: “I’m offering a deal. You help me find the stories, I’ll return them to their place in the sky, and you never have to think about them again. I get my stars back, and we help your halmoni. You don’t even have to hear the stories. Everybody wins.”] The tiger shifts her weight, paw to paw, and her fur glistens in the starlight.	이야기를 하늘로 돌려보내면 할머니가 낫는다는 제안입니다.
14	The Tiger’s Deal	5	Why does the tiger leave without a deal?	Mom wakes up.	Lily is too afraid to answer in time.	The sun comes up.	Lily says no clearly.	2	I’m so afraid of saying the wrong answer that I don’t say anything at all. [RED: For a few stretched-out moments, the tiger waits. Then she shakes her head. Already she’s fading into shadow. “I was hoping you’d surprise me.”] I think of Halmoni tonight, and how helpless I felt, and how I need to fix this.	"""할게요""라고 외쳤을 때는 이미 늦었습니다."
15	Buying More Time	1	릴리가 엿들은 대화에서 엄마가 거듭 부탁한 것은?	아이들에게 말하지 말라	이사를 가자	다른 치료를 받아 보라	병원을 옮기자	3	Hat help, too.” [RED: “Mom! I don’t need a hat. I need you.” Mom’s voice breaks. When she speaks again, her voice is quiet. “Please just try the other treatments. Don’t give up.”] Treatments.	엄마는 포기하지 말라며 다른 치료를 권합니다.
15	Buying More Time	2	할머니가 화를 내며 한 말은?	지금 어떻게 지낼지만은 내가 정하겠다	병원에 가지 않겠다	한국으로 돌아가겠다	치료를 다시 받겠다	1	The softness in Halmoni’s words evaporates. [RED: “You think I just give up? No! I don’t want to go. I don’t want to leave you. I am not ready. But I don’t get to decide. The only thing I decide is how I be right now. So you don’t take that away from me.”] I’ve never heard Halmoni sound so angry.	가고 싶지 않지만 정할 수 있는 것은 그것뿐이라고 말합니다.
15	Buying More Time	3	What surprises Lily most while she listens at the stairs?	The tiger appears.	Halmoni shouts.	Mom is crying.	Sam is awake too.	3	There’s a scary side of her, like there’s a tiger hiding just below her skin, straining to get out. [RED: I hear another strange sound, and it’s so out of place that I don’t recognize it at first. Until I realize: Mom’s crying. But Mom never cries.] “Joanie,” Halmoni says quietly.	우는 법이 없던 엄마가 울고 있었습니다.
15	Buying More Time	4	엄마가 알려 준 할머니의 병은?	심장병	폐렴	치매	뇌암	4	Happy sunlight spills through the windows, like the weather is mocking me. [RED: Mom says, “Halmoni has brain cancer.”] For a few seconds, my insides go ice-numb.	릴리는 그 말을 소리 내어 따라 하지도 못합니다.
15	Buying More Time	5	엄마가 병의 증상으로 들지 않은 것은?	환각	기억상실	메스꺼움	피해망상	2	I try to say it out loud—brain cancer—but I can’t. [RED: Mom continues. “That’s what’s causing the symptoms you might have seen: the nausea, the paranoia, and all the—Well, sometimes with this type of illness, patients can have, uh, hallucinations.”] “Hallucinations?”	엄마는 메스꺼움과 피해망상과 환각 세 가지를 꼽습니다.
16	The Doom Trap	1	호랑이 이야기를 꺼낸 릴리에게 샘이 한 말은?	같이 찾아보자	정신적 스트레스 반응이다	엄마에게 말하자	나도 봤다	2	Maybe she thought she was the only one, and now she’s relieved. [RED: But then she says, “You need to get it together. This is some kind of mental stress reaction, or something, because what you’re saying is impossible.”] “Things are only impossible if you believe they’re impossible.	샘은 불가능한 일이라며 릴리의 말을 잘라 버립니다.
16	The Doom Trap	2	What idea does Joe say was a good one?	A new sign	A summer camp	A reading club	A bake sale	4	For a second, I think he discovered my tiger plan, but of course that’s impossible. [RED: His mustache twitches. “Jensen said you suggested a bake sale. Not sure how much money that would actually raise, but it does seem like a good way to get the community engaged.”] “Oh,” I repeat.	릴리가 무심코 던진 말이 도서관 모금 행사가 되었습니다.
16	The Doom Trap	3	이날 리키가 쓰고 있던 모자는?	뉴스보이 캡	검정 야구모자	위장무늬 실크해트	BEANS라고 적힌 비니	4	Ricky looks up and grins. [RED: Today he’s wearing a beanie that says BEANS, pulled down to his eyebrows.] And if he feels awkward after the grocery-store incident, he doesn’t show it.	beanie와 beans의 소리가 같은 것을 이용한 농담입니다.
16	The Doom Trap	4	리키가 릴리의 이름을 뭐라고 잘못 불렀나요?	Lucy	Millie	Lila	Lizzie	4	Maybe that’s his superpower—the unpleasant, uncomfortable things don’t bother him. [RED: “Lizzie!” he shouts. It takes me a second to realize he’s talking to me, and Jensen smiles apologetically. “It’s Lily,” she corrects.] “Hi, Lily, how are you?”	젠슨이 미안한 얼굴로 이름을 바로잡아 줍니다.
16	The Doom Trap	5	Why does Lily ask Jensen for a pudding?	She is hungry.	She wants to be polite.	She wants a moment alone with Ricky.	Ricky told her to.	3	“Jensen, can I have a pudding, too?” [RED: She blinks. It’s rude, I know, but I need a second alone with Ricky.] Jensen covers her surprise with a smile and stands up.	젠슨을 잠시 자리에서 떼어 놓으려는 핑계였습니다.
16	The Doom Trap	6	리키가 되고 싶다고 말한 직업은?	수의사	만화가	기자	심리학자	4	“The tutoring isn’t because I’m stupid,” Ricky says as soon as Jensen leaves. “It’s just because [RED: I don’t have a word brain. That’s why. Or a numbers one, I guess. But I’m going to be a psychologist. I have a very intuitive understanding of the human psyche,” he says, as if he’s reciting something he read online.] “I’m very good at reading people.”	사람 마음을 잘 읽는다며 인터넷에서 읽은 듯한 말을 옮깁니다.
16	The Doom Trap	7	리키가 만화책을 펼쳐 보이며 낸 제안은?	호랑이 덫을 만들자	사서에게 물어보자	증조할아버지 일기를 찾자	동물원에 가자	1	I lean closer to read the title: The Adventures of Superman: Doom Trap! [RED: Ricky grins. “We could make a trap. Like a pit to catch tigers in. It’ll be so cool, see?” He opens the comic to a dog-eared page and shows me the drawing of Superman, trapped in a giant metal box and a web of red laser beams.] “I don’t think I can do something like that.	슈퍼맨이 갇힌 장면을 덫의 본보기로 내밉니다.
16	The Doom Trap	8	What problem does Lily point out about the comic book trap?	Superman breaks out of it.	It needs electricity.	It is too small.	It costs too much.	1	He opens the comic to a dog-eared page and shows me the drawing of Superman, trapped in a giant metal box and a web of red laser beams. [RED: “I don’t think I can do something like that. And also…” I stare at the illustration. “Isn’t Superman the good guy? Doesn’t he break out of that trap?”] Ricky frowns, and now he’s the one who looks disappointed.	주인공은 결국 덫에서 빠져나온다는 점을 짚습니다.
17	Like a Prison	1	젠슨이 샘을 알아본 이유는?	같은 초등학교에 다녀서	할머니가 소개해서	사진을 봐서	옆집에 살아서	1	Sam’s eyes widen, and Jensen grins. [RED: “Not to be creepy or anything. You just looked familiar to me. You went to Sun Elementary, right? Like, ages ago?”] Sam pauses.	한 학년 위였던 같은 초등학교 학생이었습니다.
17	Like a Prison	2	How does Sam act when she meets Jensen?	She walks away.	She ignores her.	She stammers.	She laughs loudly.	3	That’s the problem with sticky people. [RED: “H-hey,” Sam says to Jensen, stammering a little bit. “I’m, uh, Sam.” She’s caught off guard by Jensen’s niceness or something.] But then she turns back to me, eyes narrowing.	늘 당당하던 샘이 말을 더듬는 낯선 장면입니다.
17	Like a Prison	3	젠슨이 샘에게 함께 하자고 권한 일은?	봉사 활동	학교 신문 만들기	도서관 모금 행사	독서 모임	3	Jensen toys with her curls. [RED: “You know, we’re doing a bake sale to raise money for the library. It was Lily’s idea, actually. And you’re welcome to help, if you’re interested. I can give you my number and we can coordinate.”] “Yeah, I…okay.	번호를 주고받으며 함께 준비하자고 합니다.
17	Like a Prison	4	리키가 쪽지를 건네며 큰 소리로 한 말은?	누나한테 말하지 마	고맙다	내일 보자	비밀 계획을 위해서	4	Ricky says. [RED: He holds out the scrap of paper and drops it into my palm. He lowers his voice to a loud whisper. “For later. You know. For the secret plan.”] Jensen looks surprised.	몰래 건네라는 눈짓을 알아채지 못하고 크게 말해 버립니다.
17	Like a Prison	5	샘이 화가 난 진짜 이유는?	릴리가 자기 물건을 만져서	릴리가 말없이 나가 자기만 엄마와 남겨져서	젠슨이 릴리와 더 친해서	릴리가 비밀을 말해서	2	She stares at me. [RED: “Seriously? That’s what you’re upset about? You ran out in the middle of a conversation and left me with Mom, who’s already super stressed.”] “Sorry,” I murmur, and I mean it.	이미 힘들어하는 엄마를 혼자 감당하게 되었다는 것입니다.
18	Tiger Trapmaster	1	리키가 스스로에게 붙인 이름은?	Tiger Trapmaster	Hat Man	Super Ricky	Comic Boy	1	“Whoa,” I say as he steps through the front door. [RED: He lifts his top hat in greeting. “Tiger Trapmaster, at your service.”] I blink.	자기 슈퍼히어로 이름이라며 소개합니다.
18	Tiger Trapmaster	2	What does Ricky bring to build the trap?	A ladder	A shovel	A huge coil of rope	A metal cage	3	Ricky arrives on his bike a few hours later, after Mom takes Halmoni to a follow-up doctor’s appointment. Sam’s upstairs, so it’s just me in the living room, which is probably good, because [RED: he’s got about a thousand yards of rope wrapped around his waist and is wearing head-to-toe camouflage—including a camo-patterned top hat.] “Whoa,” I say as he steps through the front door.	온몸에 밧줄을 감고 위장무늬 차림으로 나타납니다.
18	Tiger Trapmaster	3	덫을 지하실에 만들자며 릴리가 리키에게 댄 이유는?	호랑이가 거기 살아서	비를 맞으면 안 되니까	어른들이 못 보게	더 넓으니까	2	“But…it’s not, though.” [RED: “I don’t want it to get rained on,” I say. I can’t tell him the real reason—the tiger appeared in the house.] She thinks the stolen star stories are somewhere in here.	진짜 이유는 호랑이가 집 안에 나타났기 때문입니다.
18	Tiger Trapmaster	4	샘이 두 사람에게 한 말은?	자기도 돕겠다	마음대로 하되 자기는 빼 달라	당장 그만두라	엄마에게 이르겠다	2	Sisters…keep each other’s secrets.” [RED: We stare each other down, until finally, she shakes her head. “Fine. Do whatever. Just leave me out of it.”] “Oh.”	말리지도 돕지도 않겠다는 뜻이라 릴리는 오히려 서운해합니다.
18	Tiger Trapmaster	5	What does Ricky say about hats and his mom?	She hated them.	They used to buy hats together.	She wore one every day.	She made them for him.	2	We take a few more steps, and he keeps talking. [RED: “My mom and I used to buy hats together. That was kind of our thing. You need a good hat for every occasion, because a special hat can make you feel special. It’s the same reason superheroes wear capes.”] I nod along, but my mind snags on the used to.	"릴리는 ""used to""라는 과거형에 마음이 걸립니다."
18	Tiger Trapmaster	6	떨어뜨린 상자 안에 들어 있던 것은?	뽁뽁이에 싸인 냄비와 팬	한국어 책	깨진 그릇	오래된 사진첩	1	Ricky leans over to open the box, and I check inside. [RED: Beneath a layer of Bubble Wrap is a pile of pots and pans. Everything looks intact.] The clatter must have been the pans banging against each other.	깨진 것은 없었고 소리는 냄비끼리 부딪친 것이었습니다.
18	Tiger Trapmaster	7	가장 큰 냄비 안에서 나온 것은?	돈	편지	유리 항아리 세 개	열쇠	3	I rearrange the cookware inside the box—but inside the biggest pot, something catches my eye. [RED: I reach in and pull out three wads of Bubble Wrap. The objects inside glint beneath the plastic, flashing in the light. “Whoa.” Ricky sucks in a breath as he leans over my shoulder. “We. Found. Treasure.” Only it isn’t treasure. It’s…jars.]	리키는 보물이라고 외쳤지만 항아리였습니다.
19	The Bait	1	How many jars do they find?	Three	Four	Five	Two	1	“Star jars,” I breathe. [RED: I peel the Bubble Wrap off one of them, and the jar inside is small and round, made of dark blue glass, with a silver cork stuffed in its mouth. Quickly I unwrap the others, checking for cracks, but they’re okay, too. One of them is tall and thin, made of clear glass with a black cork. The other is dark green and square shaped.] Ricky takes a step closer.	남색 둥근 것, 길쭉한 투명한 것, 짙은 초록 네모난 것입니다.
19	The Bait	2	리키의 어떤 말이 릴리를 발끈하게 했나요?	할머니를 흉봐서	덫이 시시하다고 해서	호랑이는 없다고 해서	자기를 슈퍼맨을 가둔 렉스 루서에 빗댄 것 같아서	4	“So, what would you do after you trapped the tiger?” [RED: And then, like he’s afraid I won’t answer, he adds, “In Superman: Doom Trap!, Lex Luthor wants to torture him to reveal the secrets of Krypton and also the universe—” “It’s not like that,” I interrupt, because that kind of makes me sound like the bad guy.] “This is real life.	악당이 된 기분이 들어 말을 잘라 버립니다.
19	The Bait	3	리키가 여름 과외를 받는 이유는?	상급반에 가려고	국어 과목에 낙제해서	전학을 준비하려고	아빠가 시켜서	2	“Yeah, that’s true,” he says, sitting on the box next to me. “[RED: I failed language arts last year.]” “Oh,” I say.	지난해 language arts 과목에 낙제해 여름 과외를 받고 있습니다.
19	The Bait	4	What does Lily finally tell Ricky about her halmoni?	She is a witch.	She is sick.	She has moved away.	She hates tigers.	2	And secrets are exhausting. [RED: The truth is, I want to tell the truth. “My halmoni is sick,” I tell him. When he looks confused, I clarify: “My grandma.”] He blows air from his lips.	비밀을 하나 털어놓자 어깨가 가벼워집니다.
19	The Bait	5	리키가 덫에 꼭 필요하다고 한 것은?	생고기 미끼	그물	호루라기	불	1	“Wait, what?” [RED: “According to the internet, the most important part of the tiger trap is the bait. Most tiger hunters used raw meat, like beef or—”] “Well, it’s hypothetical, so…we won’t do that,” I say.	인터넷을 찾아보니 미끼가 가장 중요하다고 했습니다.
19	The Bait	6	릴리가 미끼로 쓰기로 정한 것은?	할머니의 목걸이	생고기	떡	별 항아리	4	But even under the bed, they seem to glow. [RED: Raw meat won’t work, because magical tigers play by different rules. But looking at these jars, I realize: I’ve found my bait.]	마법 호랑이에게는 다른 미끼가 필요하다고 판단합니다.
20	Two Ends of the Sky	1	샘이 릴리에게 해 준 것은?	머리를 새로 땋아 주었다	옷을 빌려주었다	저녁을 차려 주었다	숙제를 봐 주었다	1	And I guess I have to wait a few hours anyway. [RED: When I give up and sit in front of the mirror, Sam kneels behind me. She unravels my braids, twisting the strands, weaving them together in a new way.] As she works, my jitteriness fades, replaced by this quieter, deeper wanting.	두 갈래 땋은 머리를 왕관처럼 둘러 올려 줍니다.
20	Two Ends of the Sky	2	Why does Sam say Lily should learn to do her hair?	Because Halmoni asked	Because of the bake sale	Because school starts soon	Because Lily has a crush	4	Apparently my embarrassment puts her in a good mood. [RED: Then her eyes soften a little, and she points to the floor in front of the mirror. “Sit down. If you have a crush, you should learn how to do your hair.”] “I’m fine the way I am,” I say.	릴리는 그런 것이 아니라고 하지만 얼굴이 달아오릅니다.
20	Two Ends of the Sky	3	새로 땋은 머리를 하고 거울을 본 릴리의 느낌은?	어려 보인다	어색하다	전사 같은 공주 같다	샘을 닮았다	3	Instead of two braids framing my face, my hair is twisted into a braided crown, with wispy strands hanging around my ears. [RED: With my new hair and Halmoni’s pendant around my neck, I look like a princess. Or more—a warrior-princess.] I’m not used to seeing myself like this.	옛이야기 속 소녀와는 다른 모습이라고 느낍니다.
20	Two Ends of the Sky	4	샘이 호랑이 이야기의 결말을 슬프다고 본 이유는?	호랑이가 죽어서	자매가 하늘 양 끝에 떨어져 만나지 못해서	할머니가 잡아먹혀서	동생이 혼자 남아서	2	A sharp edge that wasn’t there before. [RED: “The sisters end up on opposite ends of the sky, and they can’t even talk to one another. They see each other every day, but only to wave hello and goodbye. They’re alone.”] I pull my knees into my chest.	릴리는 안전해졌으니 행복한 결말이라고 여겨 왔습니다.
20	Two Ends of the Sky	5	샘이 말한 옛이야기의 목적은?	잠들게 하려는 것	웃기려는 것	아이들을 겁주어 가르치려는 것	역사를 남기려는 것	3	But now I’m not so sure. [RED: “The whole point is that it’s a sad story, Lily. All those old fairy tales are meant to scare kids. It’s a lesson. You know: don’t open the door for strangers. And: run from danger.”] Silence swells in the room, filling every crack in the creaky wood.	낯선 이에게 문을 열지 말라는 가르침이라는 것입니다.
20	Two Ends of the Sky	6	What does Sam finally admit about facing a tiger?	She would definitely run.	She would fight it.	She isn’t sure what the brave thing is.	She would tell Mom.	3	She just escapes them. But a few minutes later, she says, [RED: “If it were me in the story, I don’t know. I don’t know if I’d run. I’d want to do the brave thing. It’s just, in that scenario, I’m not really sure what the brave thing is.”]	처음에는 도망치겠다고 했다가 말을 바꿉니다.
21	The Hunter	1	릴리가 한밤중에 지하실로 들고 내려간 것은?	초록색 네모난 항아리	길쭉한 투명 항아리	빈 항아리 세 개	남색 둥근 항아리	1	[RED: Carefully, I pull the square green star jar out from under my bed. Sam is asleep. The whole house is asleep. And I am ready.] As quietly as possible, I slide open the drawer where I’ve hidden Halmoni’s mugwort.	미끼로 쓰려고 별 항아리 하나를 골라 내려갑니다.
21	The Hunter	2	What does the tiger say about Lily’s trap?	It hurt her paw.	It is too weak.	She built it wrong.	She is not trapped, only testing Lily.	4	Now that you are trapped, I demand that you help her.” [RED: “Interesting. I wouldn’t have considered you the type. Unfortunately for you, I am not trapped. I am merely…testing you.”] She picks a dried herb from her sharp teeth.	갇힌 것이 아니라 릴리를 시험해 본 것이라고 말합니다.
21	The Hunter	3	릴리 주머니에 있던 쑥은 어떻게 되었나요?	계단에 떨어뜨렸다	비에 젖어 버렸다	호랑이가 먹어 버렸다	샘이 가져갔다	3	I am merely…testing you.” [RED: She picks a dried herb from her sharp teeth. “Nice mugwort, by the way.” I feel for the mugwort in my pocket, but it’s gone]—and in a flash of orange and black, the tiger disappears, too. My trap is empty.	액막이로 넣어 둔 쑥이 아무 소용이 없었습니다.
21	The Hunter	4	호랑이가 새로 내놓은 거래의 조건은?	목걸이를 넘길 것	떡을 매일 가져올 것	이야기를 들려줄 테니 들어야 한다는 것	할머니를 데려올 것	3	“What’s your offer?” [RED: “You return the stories, your halmoni feels better. But here’s the fun part: in order to return the stories to the sky, I must tell them.” She flashes her teeth. “And stories are always better with an audience.”] I take a deep breath.	이야기는 듣는 사람이 있어야 한다고 말합니다.
21	The Hunter	5	What does Lily do at the end of the chapter?	She calls for Sam.	She hides the jar.	She runs upstairs.	She opens the jar.	4	Do you accept?” [RED: I grip the jar tighter as I brace myself. “Yes.” Her sharp teeth glow. And I open the jar.]	믿지 않는다고 말하면서도 결국 항아리를 엽니다.
22	The Girl of Two Worlds	1	What could the girl of two worlds do?	Become invisible	Fly	Breathe underwater	Shift between tiger and human	4	Then she begins. Long, long ago, when man walked like tiger, when nights were dark as ink, long before the sun and the moon and even the stars—[RED: there was a girl born of two worlds. She had two sets of skin and she could shift as she pleased: tiger to human, human to tiger.] She loved her magic, and she loved both worlds equally.	낮에는 사람으로, 밤에는 호랑이로 살았습니다.
22	The Girl of Two Worlds	2	호랑이 소녀가 하늘님에게 부탁한 것은?	사람들을 벌해 달라	딸의 호랑이 마법을 없애 달라	딸을 호랑이로 만들어 달라	자기를 하늘로 데려가 달라	2	So the tiger-girl asked her human mother to protect the baby, and left to climb the tallest mountain, up and up, until she reached the sky god. [RED: I have never once complained, she told him, but I am doing this for my daughter. I am asking you to spare her. Take away her magic. Turn us both human and lock our tiger side away.] The sky god was not pleased.	딸이 자기처럼 둘로 쪼개져 살지 않기를 바랐습니다.
22	The Girl of Two Worlds	3	하늘님이 처음 내건 조건은?	금 백 냥을 바쳐라	아기를 백 일 동안 동굴에 두고 쑥만 먹여라	호랑이 가죽을 가져와라	천 개의 이야기를 지어내라	2	I will grant your wish. I can take away your magic, and your baby’s, but first…hmm…[RED: your baby must live alone in a cave for one hundred days, without the sun. Oh, and she can only eat mugwort.] The tiger-girl was horrified.	단군 신화의 시련을 그대로 가져온 조건입니다.
22	The Girl of Two Worlds	4	결국 호랑이 소녀가 치른 대가는?	기억을 잃었다	하늘 궁전에 올라가 하늘님의 마법을 배웠다	땅에서 쫓겨났다	목숨을 내놓았다	2	But one day, I will need someone to replace me. [RED: Come live as a sky princess, in my sky castle, and learn my magic. In return, I will grant your wish.] So the tiger-girl agreed, and the sky god, oh so generous, gave her one last day with her daughter.	딸을 두고 하늘로 올라가 다음 하늘님이 될 준비를 합니다.
22	The Girl of Two Worlds	5	What did the tiger-girl’s last tear become?	A flower	A star	A pearl	A jar	3	Her daughter would never be lost and lonely in her secrets. [RED: Before she left, the tiger-girl hugged her baby goodbye and cried and cried, and when the last tear fell from her eye, it turned into a pearl—a final goodbye, a pendant for her daughter to wear, right above her heartbone.] Goodbye, she whispered, and be safe.	릴리가 목에 걸고 있는 그 진주 펜던트입니다.
22	The Girl of Two Worlds	6	호랑이가 다음 만남에 가져오라고 한 것은?	별 항아리와 떡	할머니의 목걸이	쑥 한 다발	생고기	1	She shrugs, trying to look casual, but her muscles are tense as they ripple beneath her fur. [RED: “Anyway, bring me the next star jar tomorrow, at two a.m., and I will tell you another story. Oh, and bring some rice cakes, too. It’s the least you can do, if we must meet in this stuffy basement.”] “Wait,” I say, “what consequences?	새벽 두 시에 항아리와 떡을 들고 오라고 합니다.
23	Consequences	1	릴리가 이날 하고 싶어 한 일은?	지하실을 치우는 것	도서관에 가는 것	떡을 만드는 것	리키를 만나는 것	3	[RED: The next afternoon, I announce, “I need to make rice cakes.”] When I walk downstairs, Mom and Halmoni are sitting together at the dining table, and I join them, plopping myself into a chair.	호랑이에게 가져갈 떡이 필요했기 때문입니다.
23	Consequences	2	Who suggests going to the Asian restaurant?	Lily	Sam	Mom	Halmoni	2	But that only makes me want to bake now, before she needs to rest again. [RED: Sam shrugs. “Can we go to lunch at that Asian restaurant, on the corner of Willow and Vine?”] I turn to give Sam the stink-eye.	평소 가족 나들이를 싫어하던 샘이 먼저 제안합니다.
23	Consequences	3	그 식당에 대해 엄마가 한 말은?	너무 멀다	위생이 나쁘다	너무 비싸다	제대로 된 곳이 아니다	4	“I’m in the mood,” Sam says. “That place is just a little…” [RED: Mom makes a face like she’s smelling rotten garlic but trying to be polite about it. “Well, it’s not authentic.”] “Yeah,” I chime in.	반면 할머니는 그 집 탕수 요리가 제일 맛있다고 합니다.
23	Consequences	4	식당 안내대 위에 걸려 릴리의 눈길을 붙든 것은?	붉은 종이 등	금색 고양이 인형	용 그림	웃는 것 같은 한국 호랑이 그림	4	Hello! [RED: But I’m fixated on the painting right above the hostess stand. It’s a classic Korean painting of a tiger, with eyes as big and round as rice cakes. It looks like it’s laughing.] Suddenly I feel sweaty.	눈이 떡처럼 둥근, 웃는 듯한 호랑이 그림입니다.
23	Consequences	5	할머니가 아빠에게 몰래 먹였다는 것은?	아주 매운 김치	쓴 차	한약	흙을 섞은 밀크셰이크	4	“It was horrible.” [RED: “I make a milkshake for him,” Halmoni says. “A milkshake with little bit mud mixed in. But he take you mom away. That is bad. Little bit mud? Not that bad.”] Sam raises an eyebrow at me like, Can you believe?	이 이야기가 31장에서 릴리의 흙 푸딩으로 되풀이됩니다.
23	Consequences	6	Why did Halmoni say she fed him mud?	To make him think before speaking	To play a joke	To cure a cold	To make him sick	1	Like telling stories about Dad is something fun, instead of something terrible. [RED: “Mud good for him,” Halmoni says. Her eyes are happy and sad at the same time, in the missing-him way. “He always talking story—so much talking, but no thinking, aii-yah. Mud help to keep him grounded, think before he speak.”] Mom snorts.	말이 앞서는 사람을 땅에 붙들어 두려는 것이었다고 합니다.
23	Consequences	7	식당에서 할머니가 갑자기 한 행동은?	옆 테이블 손님의 접시를 가져왔다	주인과 다퉜다	밖으로 나가 버렸다	노래를 부르며 춤을 췄다	1	If Halmoni is seeing things that aren’t there—if she’s not here—then it’s almost like she’s not really Halmoni anymore. [RED: She stands and walks over to the table next to us, singing a Korean lullaby as she picks up the man’s plate. He sets his chopsticks on the table, making a startled sound.] Mom jumps up.	식당 한가운데서 고사상을 차리려 한 것입니다.
23	Consequences	8	릴리에게 사탕을 쥐여 준 종업원이 한 말은?	할머니를 안다	다음에 또 오라	자기 할아버지도 알츠하이머를 앓았다	음식값이 모자란다	3	“Okay.” [RED: “It’s not enough,” she says softly, “but my grandpa had Alzheimer’s. And I know how hard it is. He was always forgetting where he was, and who we were, and…I’m just really sorry it’s happening to you.”] I want to tell her this isn’t the same thing.	릴리는 이건 그것과 다르다고 속으로 생각합니다.
24	Side Effects	1	엄마가 알려 준, 할머니에게 남은 시간은?	몇 달, 어쩌면 일주일	아무도 모른다고만 했다	몇 년	한두 해	1	I stay very still so I don’t wake her. [RED: Mom takes a breath. “At Halmoni’s last doctor’s appointment, the prognosis wasn’t good. She could have a couple of months, or maybe just a week. But that’s why I want to make the most of the good days. We just don’t know.”] Mom’s words hang in the air for a few seconds, sucking up the oxygen.	좋은 날을 아껴 쓰자는 말이 뒤따릅니다.
24	Side Effects	2	Why won’t Mom force Halmoni to take the treatments?	The doctor refused.	It is Halmoni’s choice.	They are too far away.	They cost too much.	2	Can’t you just make her do them?” [RED: Mom grips the steering wheel tighter. “We have to respect Halmoni. This is her choice, not ours.”] “Yeah, but if there’s something we can do and you’re not doing it, you’re basically killing her.”	샘은 그러면 엄마가 할머니를 죽이는 것이라고 쏘아붙입니다.
24	Side Effects	3	"""신을 믿지 않으면요?""라는 샘의 물음에 엄마가 한 답은?"	나중에 이야기하자	모르겠다	할머니께 여쭤 보렴	그래도 믿어야 한다	2	Outside, the world goes green, gray, green, gray, and I look for the tiger, but she’s not there. [RED: For once, Sam’s words are soft. “What if I don’t believe in God?” Silence rings in my ears, and then Mom says something that moms are never supposed to say. “I don’t know.”] I scoot closer to Halmoni and curl my fingers into hers.	어른이 아이 앞에서 좀처럼 하지 않는 대답입니다.
24	Side Effects	4	오늘 떡을 만들자는 릴리에게 엄마가 한 말은?	재료가 없다	집을 조용히 해야 하니 내일 하자	할머니가 싫어하신다	네가 혼자 해 보렴	2	Mom steps back, unsure what to do about my sudden fierceness. [RED: “Tomorrow, all right? I promise. I just don’t want to do anything noisy or distracting for Halmoni. We need to keep the house quiet today, and we can’t do anything that might upset her.”] I don’t understand how making rice cakes would upset Halmoni, but Mom won’t budge.	릴리는 그 길로 리키에게 전화를 겁니다.
25	A House Like a Museum	1	What does Ricky’s family own?	The library	The grocery store	The paper mill	The restaurant	3	His dad’s a few years younger than me, so we went to high school at the same time but we weren’t really friends. [RED: His family owns the paper mill, though, where most of the business in town is. So everyone knew of them.]” I know it shouldn’t matter, but it still takes me a second to adjust: Ricky’s rich.	마을 일자리 대부분이 그 공장에 걸려 있습니다.
25	A House Like a Museum	2	리키네 집 진입로에서 릴리가 신기해한 것은?	토끼와 고양이 모양으로 다듬은 덤불	조각상	연못	분수	1	I’m not sure how that changes my perception of him, but I feel like it does, just a little bit. [RED: Our car putters into the long driveway, past bushes shaped like rabbits and cats. I’ve never seen anything like that, and I’m fascinated. They reshaped nature, just because they wanted to.] “This is…a lot,” Mom murmurs.	자연을 제 마음대로 다시 만들어 놓았다고 느낍니다.
25	A House Like a Museum	3	리키네 집 초인종의 특이한 점은?	소리가 나지 않는다	개 짖는 소리가 난다	불이 켜진다	클래식 음악이 흘러나온다	4	We walk up to the front door and ring the doorbell. [RED: Instead of chiming, this doorbell starts playing classical music. “I didn’t know they could do that,” I whisper to Mom. She fights back a smile. “I think it’s Bach.”] Ricky’s dad answers the door.	엄마는 바흐인 것 같다며 웃음을 참습니다.
25	A House Like a Museum	4	리키 아버지가 엄마를 옛 이름으로 부르자 엄마가 한 말은?	지금은 리브스라고 바로잡았다	못 들은 척했다	이름을 다시 물었다	반갑다고 웃었다	1	“Nice to meet you,” I say in my extra-polite voice. [RED: “And Joan Ku!” He opens the door wider, inviting us in. “Long time no see!” “It’s Reeves now,” Mom says. She grimace-smiles and hunches her shoulders, which is weird for her. Here she seems small.] We step inside, and—no surprise—the living room is just as grand as the outside of the house.	결혼하며 바꾼 남편의 성을 지켜 냅니다.
25	A House Like a Museum	5	Why does the rice cake filling go wrong?	They use grape jelly instead of bean paste.	They forget the sugar.	The oven is broken.	They burn it.	1	It’s too lumpy and too runny at the same time, and it doesn’t smell like Halmoni’s. [RED: On top of that, Ricky doesn’t have adzuki bean paste for the filling, so we improvise with grape jelly, and by the time the rice cakes are ready to go into the oven, they look completely and totally wrong.] Which makes me feel completely and totally wrong.	팥소가 없어 포도잼으로 대신했습니다.
25	A House Like a Museum	6	떡을 버리려는 릴리에게 리키가 한 말은?	다시 만들면 된다	완벽하지 않아도 좋을 수 있다	내가 먹어 주겠다	할머니께 여쭤보자	2	You just want someone to know it’s happening. After a maybe-too-long silence, he says, [RED: “My mom never used a recipe when she cooked. It turned out different every time. So we can still try these, if you want. Even if things aren’t perfect, they can still be good.”] I take a breath.	이 말이 45장의 챕터 제목으로 다시 나옵니다.
25	A House Like a Museum	7	릴리가 리키에게 시험공부를 더 하라고 한 이유는?	내기를 해서	선생님이 부탁해서	같은 학년이 되어 함께 지내고 싶어서	아빠에게 혼날까 봐	3	I don’t realize how mean that sounds until I see his face fall, but that’s not how I meant it. [RED: “Because I know you can pass it,” I explain. “You seem really smart. And you’re going into seventh grade, right? So if you pass it, we’ll be in the same grade. And we can be in middle school together.”] As I say it, it strikes me how much I want that.	말해 놓고 스스로도 그것을 얼마나 바라는지 깨닫습니다.
26	The Pinky Promise	1	릴리가 새벽 두 시에 알람을 맞춰 둔 이유는?	호랑이를 만나러 가려고	약을 챙기려고	엄마를 도우려고	샘을 감시하려고	1	[RED: I slam my phone alarm off as soon as it beeps me awake, and I slip out of bed, eager to meet with the tiger. I grab the tall, thin jar and the plate of rice cakes from under my bed] and pad over to the stairs—but a rustling in the corner of the room stops me. I spin around to see Sam fiddling with something by the window.	길쭉한 항아리와 떡 접시를 챙겨 내려갑니다.
26	The Pinky Promise	2	What is Sam doing with the rope?	Tying it to her bed to climb out the window	Making a swing	Packing it away	Hanging laundry	1	There’s something weird in her voice, something wobbly and uncertain. I walk over to her, and when I’m close enough, [RED: I realize she’s tying a rope to her bed frame. And not just any rope—but the rope Ricky and I used on the tiger trap.] “Where did you get that?”	호랑이 덫에 썼던 바로 그 밧줄이었습니다.
26	The Pinky Promise	3	샘이 몰래 나가는 이유로 댄 것은?	약을 사러	학교에 가려고	친구를 만나려고	이 집이 숨 막혀서	4	I whisper. [RED: Sam shrugs. “I’m sneaking out,” she says, like, obviously. “This house is suffocating.”] I stare at her.	아침 전에는 돌아오겠다고 덧붙입니다.
26	The Pinky Promise	4	두 자매가 헤어지며 나눈 것은?	새끼손가락을 걸었다	편지를 주고받았다	전화번호를 적어 주었다	비밀을 서로 털어놓았다	1	“Promise you’ll be okay?” [RED: “I’ll be fine. I’ll be back before morning.” Her eyes soften. “And you, too?” I extend my pinky. A pinky promise.] Long, long ago, a little sister cried.	어디 가는지는 서로 묻지 않은 채 약속만 합니다.
27	Jars of Love	1	이야기 속 손녀가 할머니에게 이야기 대신 청한 것은?	불을 켜 달라고	노래를 불러 달라고	밥을 지어 달라고	함께 자자고	2	The stories felt like darkness, the kind that hid under her bed and lurked beneath the stairs. [RED: No, Halmoni, she said. Tell me later. Sing to me instead.] Sighing, the halmoni would put the stories away and sing.	집안 이야기가 어둠처럼 무서웠기 때문입니다.
27	Jars of Love	2	What did the granddaughter’s hair reveal in the moonlight?	A bright white stripe	A red ribbon	Nothing at all	A silver comb	1	I should have told you sooner, the stories you need to know. [RED: The granddaughter twisted, trying to escape, and when she did, her black hair caught in the moonlight, which lit up a stripe of bright white.] The girl was transforming before her halmoni’s eyes—half human, half tiger.	샘의 흰 머리 한 가닥과 같은 표시입니다.
27	Jars of Love	3	손녀가 변해 가자 할머니가 한 말은?	나를 따라와라	도망쳐라	맞서 싸워라	숨어라	3	The girl was transforming before her halmoni’s eyes—half human, half tiger. [RED: Dark magic. Her granddaughter was cursed, the same way her daughter had been cursed. Fight it, Halmoni said. But the girl could not. Still she transformed.] She felt trapped in her own skin.	싸우라고 했지만 소녀는 결국 변하고 맙니다.
27	Jars of Love	4	손녀가 떠난 뒤 할머니가 보름달마다 한 일은?	불을 밝혀 두었다	산에 올라 빌었다	항아리에 마음을 담아 바다로 띄웠다	편지를 썼다	3	Tiger or not. [RED: So every full moon, she took a storage jar from her shelf and whispered her heart into it. She filled the jars with love. A new kind of magic.] She didn’t know where the girl had gone, but every full moon, she sent a jar into the sea, hoping the ocean would carry it off across the world.	사랑을 담은 항아리가 손녀를 찾아가기를 바랐습니다.
27	Jars of Love	5	What does the tiger say about a cure?	It always takes time.	It is about what we need, not what we want.	Only the sky god can give one.	It costs a story.	2	“How is this story going to cure my halmoni?” [RED: “A cure is not about what we want. It’s about what we need. The same is true for stories.”] I have this strange feeling of fullness, like I’m going to burst.	이야기도 마찬가지라고 덧붙입니다.
27	Jars of Love	6	이야기 속 손녀는 끝내 어떻게 되었느냐는 물음에 호랑이가 한 답은?	하늘로 올라갔다	집으로 돌아왔다	떠났다	호랑이가 되었다	3	Or maybe he was not as powerful as he claimed to be—maybe he couldn’t control her heart.” [RED: I stare at the tiger. “But what happened to the granddaughter in the end?” The tiger lowers her head. “She left.”] “Did she ever find her way home?”	집을 찾았느냐고 묻자 호랑이는 이야기가 끝났다며 입을 닫습니다.
28	Kimchi at Midnight	1	한밤중 부엌에서 엄마가 냉장고에서 꺼낸 것은?	우유	김치통	남은 떡	과일	2	“Um,” I say. [RED: Mom scans the food as she blinks herself awake, and pulls out Halmoni’s plastic tub of kimchi. “Sound good?” she asks, holding it up.] I nod, not trusting myself to say anything.	조리대에 걸터앉아 손으로 집어 먹습니다.
28	Kimchi at Midnight	2	Why does Lily stare at her mother in the kitchen?	Mom is crying.	Mom is asleep.	Mom is breaking her own rules.	Mom found the jar.	3	When she holds the tub out to me, I stare at my mother. [RED: Any moment now, she’ll wake up and realize she was sleepwalking. And sleep-eating. And sleep-rule-breaking. Mom laughs. “Lily. Stop looking at me like I have three heads.”] “It’s just…”	규칙을 세우던 엄마가 스스로 규칙을 깨고 있습니다.
28	Kimchi at Midnight	3	엄마가 릴리에게 사과하며 한 말은?	할 수만 있다면 세상을 막아 주고 싶다	이사를 오지 말았어야 했다	언니 편만 들었다	더 자주 놀아 주지 못했다	1	Mom wraps her arm around me, pulling me closer. [RED: “I’m sorry, Lily,” she whispers, into my ear. “I’d hold back the world if I could. I’d take away all your pain. But you’ve already faced such hard things. I’m sorry I couldn’t protect you.”] I bite my cheek.	지켜 주지 못해 미안하다고 말합니다.
28	Kimchi at Midnight	4	조리대 위의 별 항아리를 본 엄마의 반응은?	깨질까 봐 치웠다	어디서 본 것 같다고 했다	어디서 났느냐고 화를 냈다	알아보지 못했다	2	“Um…just in Halmoni’s old stuff.” [RED: “Huh. It looks familiar.” Mom frowns, just slightly. I catch a hint of recognition on her face, but it flits away. “Ah, I’m sure I just saw it around when I was a kid.”] She slides off the counter and screws the lid back onto the kimchi.	알아볼 듯하다가 이내 흘려보냅니다.
29	A Stranger in Halmoni's Skin	1	아침에 계단에 흩어져 있던 것은?	깨진 유리	잣	마른 약초	생쌀	4	I head down the stairs, but after a few steps, something sharp digs into my bare feet. [RED: I lift my foot and realize it’s rice—uncooked grains, scattered across the steps. Which is weird.] I brush them off, but I don’t have much time to think about it, because when I go downstairs, I see that Halmoni has cooked enough Korean food to fill the entire kitchen.	누가 왜 뿌렸는지는 38장에서 밝혀집니다.
29	A Stranger in Halmoni's Skin	2	What is Halmoni doing when Lily comes downstairs?	Cleaning the basement	Talking on the phone	Sleeping	Cooking a huge amount of food	4	Which is weird. [RED: I brush them off, but I don’t have much time to think about it, because when I go downstairs, I see that Halmoni has cooked enough Korean food to fill the entire kitchen.] Sam helps Halmoni, humming to herself as she carries the finished dishes to the table, and seeing my sister fills me with relief.	부엌을 가득 채울 만큼 상을 차렸습니다.
29	A Stranger in Halmoni's Skin	3	할머니가 릴리 목의 목걸이를 보고 한 말은?	자기 것인데 준 적이 없다	샘에게 주어라	어디서 샀느냐	잘 어울린다	1	You gave it to me.” [RED: “No, that mine. Someone give me that, long, long ago. I remember.” She shakes her head. “But I don’t give you that. Why you saying that?”] I don’t know how to respond, but Sam interrupts.	자기가 걸어 준 것을 기억하지 못합니다.
29	A Stranger in Halmoni's Skin	4	할머니가 샘의 흰 머리를 만지며 한 말은?	아빠를 닮았다	보기 싫으니 검게 물들여라	고향에 있을 때 자기도 그랬다	엄마를 닮았다	3	Halmoni turns and walks to Sam. [RED: When she reaches my sister, Halmoni runs her fingers over Sam’s white streak. “This like me, when I back at home. So long ago. So long, I try to forget.”] My limbs go cold.	잊으려 애썼다는 옛일을 흘리듯 말합니다.
29	A Stranger in Halmoni's Skin	5	What does Halmoni call Lily when she looks into her eyes?	A tiger	A stranger	Her daughter	A ghost	1	It’s like she’s seeing a different world. [RED: But when Halmoni looks into my eyes, she recoils. “A tiger,” she hisses.] I step back.	릴리를 보고 뒷걸음질 치며 내뱉는 말입니다.
29	A Stranger in Halmoni's Skin	6	이 장에서 릴리를 가장 무너뜨린 사실은?	엄마가 화를 냈다	할머니가 이름을 틀리게 불렀다	할머니가 자기를 알아보지 못한다	샘이 나가 버렸다	3	And I realize: she can’t remember. [RED: And it’s not just that, but there’s something worse, too—a flash of panic behind her eyes. It’s not that she can’t remember my name. It’s that she can’t remember me.] She doesn’t know me.	이름이 아니라 릴리라는 사람 자체를 기억하지 못합니다.
30	The Witch Lady	1	도서관에 들어선 두 자매가 느낀 것은?	아무도 없었다	문이 잠겨 있었다	불이 꺼져 있었다	음악과 웃음소리로 분위기가 달라져 있었다	4	[RED: Sam and I reach the library, and when we open the doors, I hear music. And laughter. The change of atmosphere is disorienting.] On one side of the library, Jensen crowds around her laptop with a girl and a boy who both look about her age, and on the other—Ricky sits with his back to me, at a table with two other boys.	베이크 세일 준비로 사람들이 모여 있었습니다.
30	The Witch Lady	2	Why did Joe become a librarian?	He loves reading aloud.	He likes order and the decimal system.	His mother was a librarian.	He needed a quiet job.	2	I wait for him to tell me, because of course I don’t. [RED: “Dewey,” he says. “As in the decimal system.” I’m not sure if he’s joking or not, but he continues, “I like order. I like organization. The idea of all the information in the world, all organized, everything in its place—I like that idea.”] He clears his throat.	세상의 모든 것이 제자리에 놓인다는 생각이 좋았다고 합니다.
30	The Witch Lady	3	조가 이야기를 무엇에 빗대었나요?	돌	불	물	바람	3	“But I’ve been doing this job for a long time. [RED: And the thing I’ve learned is that stories aren’t about order and organization. They’re about feelings. And feelings don’t always make sense. See, stories are like…” He pauses, brow furrowing, then nods, satisfied in finding the right comparison: “Water. Like rain. We can hold them tight, but they always slip through our fingers.”] I try to hide my shock.	꽉 쥐어도 손가락 사이로 빠져나간다고 말합니다.
30	The Witch Lady	4	"""어디서 왔니?""라는 애덤의 물음에 릴리가 한 대답은?"	모르겠어요	한국이요	캘리포니아요	길 건너에서요	4	He looks familiar, though I’m not sure why. [RED: “So, Lily, where are you from?” My brain goes blank for a second. Then I say, “I’m from across the street.”] For some reason, I feel like that wasn’t the answer he was looking for, but he gives me half a nod—a quick jerk of his chin.	릴리는 그가 바란 답이 아니었다고 느낍니다.
30	The Witch Lady	5	코너가 릴리의 할머니를 뭐라고 불렀나요?	약초 할머니	언덕 위 할머니	이야기 할머니	미친 마녀 아줌마	4	“She’s my grandma.” [RED: Connor’s eyebrows go high. “The crazy witch lady is your grandma?”] I want to tell him, Crazy is not a thinking word.	저주를 걸 줄 아느냐고까지 물어봅니다.
30	The Witch Lady	6	What does Ricky tell the other boys about Halmoni?	That she is a real witch	That she is sick and has hallucinations	That she bakes well	That she is from Korea	2	Who knits scarves instead of mixing strange Korean herbs. [RED: Ricky finally speaks, mouth still full. “Guys, Lily’s grandma’s not scary. It’s not her fault she’s like that. She’s sick, so she has hallucinations that make her act that way, like scared of ghosts and tigers and stuff, right, Lily?”] The ground becomes a black hole—a tiger’s mouth, jaws open wide—and I’m falling in, swallowed whole.	릴리를 변호하려다 비밀을 그대로 말해 버립니다.
30	The Witch Lady	7	리키의 말에서 릴리가 가장 아팠던 점은?	자기 이름을 틀리게 불러서	할머니의 모든 것이 병 탓처럼 들려서	친구들이 비웃어서	거짓말을 해서	2	But that’s not even the worst part. [RED: The worst part is that when I heard Ricky say that, it felt like the sickness is all that Halmoni is. Like the sickness is the reason for how she is.] But Halmoni isn’t like that because she’s sick.	할머니는 아파서가 아니라 원래 그런 사람이라고 릴리는 생각합니다.
31	The Cursed Pudding	1	릴리가 푸딩 컵 안에 넣은 것은?	고춧가루	마른 약초	소금	흙	4	The ground is soft and slimy and, if you think about it, looks a lot like pudding. [RED: I pull the foil lid off the cup, carefully and only slightly, so you couldn’t tell the cup had been opened unless you were looking really hard. Then I dump some of the pudding onto the ground and scoop mud inside.] Halmoni fed Dad mud because he spoke too much without thinking.	뚜껑을 살짝 열어 표가 나지 않게 흙을 퍼 넣습니다.
31	The Cursed Pudding	2	What does the tiger say the library is?	A boring place	Her favorite place	A trap	Too noisy	2	I ask, rubbing raindrops from my eyes. [RED: “What, a tiger can’t enjoy the library? It happens to be my favorite place.”] I stare at her.	이 한마디가 40장에서 결정적인 실마리가 됩니다.
31	The Cursed Pudding	3	할머니가 목걸이와 흰 머리를 잊었다는 말에 호랑이가 한 대꾸는?	곧 나아질 것이다	잊은 것이냐, 기억한 것이냐	병이 깊어진 것이다	내 탓이 아니다	2	I lower the pudding and let rain run into my mouth as I say, “Halmoni forgot about the pendant and Sam’s white streak today.” [RED: “Was she forgetting or remembering?” I glare at her, sick of riddles.] “You must reach the end—”	릴리는 알쏭달쏭한 말에 진저리를 냅니다.
31	The Cursed Pudding	4	"릴리가 ""저리 가""라고 하자 호랑이가 한 말은?"	아무 말도 하지 않았다	다시 오겠다	네 뜻대로	후회할 것이다	3	I make things better, and I don’t trick people, making them wait for the end while bad things happen. [RED: “I’m not a monster,” I tell her. “Leave me alone.” She tsks, a sharp sound that scrapes against her teeth. “As you wish.” And then, in a flash, she’s gone.] I am alone again, in the rain, with only the pudding cup clutched to my chest.	이 말 때문에 호랑이는 한동안 나타나지 않습니다.
31	The Cursed Pudding	5	What does Ricky say after Lily admits what she did?	You cursed me.	Tell my dad.	You are mean.	I forgive you.	1	“Mud isn’t that bad.” [RED: They blink in shock, and Ricky looks at me with a mixture of fear and awe. “You cursed me,” he whispers.] And I can’t deal anymore.	두려움과 경외가 섞인 얼굴로 릴리를 봅니다.
32	Trying Our Best	1	릴리가 한 일을 엄마에게 말해 버린 사람은?	조	리키	샘	젠슨	3	I say, “Nothing.” [RED: But Sam says, “Lily put mud in that kid’s pudding.” “Sam!” I hiss as the betrayal whips through me. Sisters keep secrets.] Sisters keep each other’s secrets.	자매는 서로의 비밀을 지켜야 한다고 릴리는 생각합니다.
32	Trying Our Best	2	What job is Mom offered?	A teaching job at the school	An accounting job at Everett Mills	A job at the library	A job at the restaurant	2	“What?” [RED: “His dad…” She sighs. “We were talking about how I’m looking for work, and he called to offer me an accounting position at Everett Mills. It’s just…it was such a relief to get a job, and—well, that’s not the point.”] I feel bad now.	하필 리키 아버지가 엄마에게 일자리를 주었습니다.
32	Trying Our Best	3	릴리가 흙을 넣은 이유로 든 것은?	푸딩을 뺏겨서	리키가 약속을 어겨서	리키가 거짓말을 해서	아이들이 할머니를 마녀라고 놀려서	4	Not even tigers. [RED: “But, Mom, he was being mean about Halmoni! You didn’t hear him. He and his friends called her a witch. They said she was crazy and scary. That was bad. Mud is not that bad.”] Mom pulls me over to the kitchen table to sit with her.	"""흙은 그렇게 나쁘지 않다""는 할머니의 말을 그대로 씁니다."
32	Trying Our Best	4	엄마가 릴리에게 한 충고는?	샘에게 배우지 말라	어른 일에 끼어들지 말라	할머니를 이해 못 하는 사람보다 할머니에게 힘을 쓰라	친구를 가려 사귀어라	3	And it’s hard—especially now. [RED: But Halmoni doesn’t need you putting mud in people’s pudding for her. She needs you to be there, to focus on her. And when you do something like this, you’re spending more energy on the people who don’t understand Halmoni than on Halmoni herself.”] In the moment, I felt like I was doing the right thing.	싸울 힘을 할머니에게 쓰라는 말입니다.
32	Trying Our Best	5	What was Mom’s role when she was a little girl?	She stayed home alone.	She was Halmoni’s assistant and translator.	She worked at the library.	She lived with her father.	2	She’d find things that people needed help with, and she’d figure out how to do it. [RED: “And I wanted to help her. It’s how we spent time together. I was her little assistant, trailing after her, translating, writing everything in English.]” I can’t imagine Mom following Halmoni around like that.	이민 가정에서 아이가 부모의 통역을 맡는 흔한 모습입니다.
32	Trying Our Best	6	엄마가 할머니와 멀어진 이유로 말한 것은?	아빠 때문에	크게 싸운 일이 있었다	특별한 일은 없었고 그냥 자랐다	할머니가 미워서	3	I’m afraid of what comes next. [RED: But Mom shakes her head. “There’s nothing bad, Lily. Nothing magical or interesting, not like her fairy tales. It was just…real life. I grew up.”] I don’t want to be like that when I get older.	옛이야기 같은 사연은 없었다고 잘라 말합니다.
33	As You Wish	1	사과하는 샘에게 릴리가 한 행동은?	방을 나갔다	같이 울었다	아무 대답도 하지 않았다	소리를 질렀다	3	Long, long ago, when tiger walked like man, there were two sisters…. [RED: Sam exhales sharply. “You’re really gonna give me the silent treatment?”] The two sisters loved each other, more than anything.	샘이 하던 대로 이어폰을 낀 척 입을 다뭅니다.
33	As You Wish	2	What does Sam say she wants?	To learn to drive	To see the tiger	To move back to California	For it to be over already	4	She takes a breath. [RED: “But whatever. I just want it to end. I want it to be over already.”] Her words chill the room by ten thousand degrees.	할머니가 죽어 가는 것을 보는 일이 힘들다는 말 끝에 나옵니다.
33	As You Wish	3	그 말을 들은 릴리가 다급히 시킨 것은?	엄마에게 사과하라	취소하고 나무를 두드리라	방에서 나가라	다시 말해 보라	2	Her words chill the room by ten thousand degrees. [RED: My heart stammers, and I push the covers back. “Take it back,” I say. “Knock on wood.” Her voice is ragged, broken glass. “I don’t believe in that stuff anymore.”] “But you have to.	샘은 이제 그런 것을 믿지 않는다고 잘라 말합니다.
33	As You Wish	4	그날 밤 지하실에 내려간 릴리가 마주한 것은?	호랑이가 없는 빈 방	할머니가 앉아 있었다	항아리가 사라졌다	덫이 무너져 있었다	1	Sam might not believe, but I do. [RED: I push the basement door open, but when I creak down the steps, I find only an empty room. The tiger isn’t there.] It’s just a dusty basement with a bunch of old boxes, lit by a thin strip of window.	"""저리 가""라고 한 말이 그대로 이루어진 것입니다."
34	Super Tiger Girl	1	차 안에서 엄마가 쑥에 대해 설명한 것은?	아무 효과가 없다	메스꺼움에 쓰는 약초인데 생생한 꿈을 꾸게 한다는 말이 있다	먹으면 위험하다	할머니가 직접 기른 것이다	2	The tone of her voice is a warning, but I say, “Yes.” [RED: “That’s an herbal remedy that Halmoni’s been taking. It helps with her nausea, but some people think it causes vivid dreams and nightmares. None of it’s evidence based, of course, and it’s not dangerous. But you don’t need any more stress.”] “Oh.”	호랑이가 꿈일 수도 있다는 또 하나의 설명이 됩니다.
34	Super Tiger Girl	2	What does Lily say to Ricky’s dad at the door?	That Ricky started it	That she is sorry for lying	That he should not blame her mom	That she wants to go home	3	Especially when it’s wrong because of you. [RED: “Don’t blame my mom,” I tell him. “She’s a very good worker and doesn’t do…strange things.”] Mom looks like she can’t decide if she wants to hug me or hide behind the rabbit bush.	자기 잘못으로 엄마가 불이익을 볼까 봐 먼저 나섭니다.
34	Super Tiger Girl	3	릴리의 말에 리키 아버지가 한 대꾸는?	이상한 아이를 둔 심정을 안다	사과부터 해라	엄마를 불러라	그럴 리 없다	1	Mom looks like she can’t decide if she wants to hug me or hide behind the rabbit bush. [RED: Ricky’s dad almost smiles. “I recognize that. I know what it’s like to have a strange child.”] I’m not sure how to respond to that, but I’ll take it as a win.	웃음을 참으며 자기 아들 이야기로 받아 줍니다.
34	Super Tiger Girl	4	사과하러 만난 날 리키가 쓰고 있던 모자는?	아무 무늬 없는 검정 야구모자	고양이 귀가 달린 비니	볼러 햇	위장무늬 실크해트	1	The phrase Take your friend to the den has a bit of a murder vibe to it, but when Ricky shows up, he looks sheepish. [RED: He’s wearing a plain black baseball cap. It’s the most normal I’ve ever seen him.] He gives me an uncertain wave and then leads me into the blue-themed living room.	릴리가 본 리키의 가장 평범한 모습입니다.
34	Super Tiger Girl	5	How does Ricky mispronounce “halmoni”?	Harmony	Almond	Alimony	Hollow-me	1	“I’m sorry about the mud.” [RED: Ricky exhales. “I’m sorry, too. About the stuff we said about your grandma. I mean, your harmony.” I blink at him, confused.] “I want you to feel more comfortable, so I’m using the Korean word,” he explains.	"릴리가 ""할-머-니예요""라고 고쳐 줍니다."
34	Super Tiger Girl	6	리키의 친구들이 릴리를 뭐라고 부르게 되었나요?	Tiger Girl	Quiet Girl	Mud Girl	Witch Girl	4	“Do your friends hate me?” [RED: He laughs. “They think you’re supercool. They kept referring to you as Witch Girl. But not in a bad way. Anyone who does something like that is probably worth knowing.”] I sneak a glance at him.	나쁜 뜻이 아니라 대단하다는 뜻이라고 전합니다.
34	Super Tiger Girl	7	리키가 털어놓은 자기 엄마의 소식은?	병으로 돌아가셨다	작년에 집을 떠나 연락이 없다	멀리 일하러 갔다	곧 돌아온다	2	Is she…” [RED: “She’s not dead. She left. Last year. And we haven’t heard from her since.”] I wonder if, somehow, that makes it worse.	릴리는 그것이 더 힘든 일일지도 모른다고 생각합니다.
34	Super Tiger Girl	8	Why does Ricky think his mom left?	He no longer needed her help with school.	She wanted to travel.	He broke her favorite hat.	She was angry at his dad.	1	Ricky continues, “But I think, like, maybe if I did more to make her want to stay, she would have. [RED: She was a stay-at-home mom, and she always helped me with homework and stuff. Except these past couple of years, I started getting better at school, so I didn’t really need help, and we didn’t hang out as much, and maybe she thought I was fine without her.]” “Oh.	리키가 왜 일부러 공부를 놓았는지가 여기서 풀립니다.
34	Super Tiger Girl	9	리키가 알려 준, 증조할아버지가 호랑이를 사냥하던 곳은?	중국	인도	아프리카	시베리아	4	Because, no offense, but it’s pretty unlikely that a tiger would just…wander into your basement. [RED: Like, my great-grandfather used to go on these big hunting expeditions in the wilderness of Siberia, because that’s where tigers like to be.]” I nod, thinking.	호랑이가 있는 곳으로 가야 한다는 조언이 됩니다.
35	Just Jars	1	"""나를 닮았다""는 말에 할머니가 덧붙인 것은?"	더 씩씩해져라	엄마를 닮아라	자랑스럽다	내 삶은 따라 할 만한 것이 아니다	4	“But I want to be like you.” [RED: She balls the toilet paper up in her rice-paper hands. “Halmoni make mistakes sometime. My life not good to follow. Your life better.”] “But—”	자기 삶은 슬픈 이야기라며 물려주고 싶어 하지 않습니다.
35	Just Jars	2	Why did Halmoni hide the sad stories?	They were not true.	She had forgotten them.	She did not want to pass on bad feelings.	The tigers forbade it.	3	Long, long ago, Japan and United States people do wrong things to our country. [RED: But I don’t want to give you sad, angry stories. I don’t want to pass you those bad feelings.”] Listening to her talk, I realize there is so much of the world that I don’t know.	슬픔과 분노를 손녀에게 물려주고 싶지 않았습니다.
35	Just Jars	3	할머니에게 릴리가 반박한 말은?	이제 그만 쉬어라	엄마에게 말하겠다	이야기는 다 거짓말이다	숨긴다고 지난 일이 없어지지 않는다	4	I’ve never thought she was wrong before. [RED: “But, Halmoni, maybe keeping those stories secret is the bad thing. Because all those things still happened, even if you don’t talk about it. And hiding it doesn’t erase the past—it only bottles it up.”] She rubs my shoulder.	숨기면 없어지는 것이 아니라 병 속에 갇힐 뿐이라고 말합니다.
35	Just Jars	4	별 항아리를 어디서 얻었다고 할머니가 말했나요?	바닷가 벼룩시장에서 샀다	어머니가 주었다	기억나지 않는다	한국에서 가져왔다	1	“Yes, yes. [RED: Flea market. One by the coast.]” “No,” I say, holding the star jar closer to her face, like I can force her to remember.	flea market을 fly market이라고 잘못 말한 것을 릴리가 알아듣습니다.
35	Just Jars	5	What does Halmoni say the jars are?	Just jars	Gifts from the tigers	Full of medicine	Very old treasures	1	That’s why you were so nervous about moving the boxes…because the jars are magic.” [RED: “Everything a little bit magic,” Halmoni says, slowly. “But those just jars.”] I shake my head.	이 한마디에 릴리의 계획이 통째로 흔들립니다.
35	Just Jars	6	살려 드리겠다는 릴리에게 할머니가 한 말은?	조금만 더 기다려 보자	구해 줄 필요 없다, 이제 내 때다	호랑이를 데려와라	엄마에게 말해라	2	“Aii-yah.” [RED: She takes my hand in hers, rubbing my life line, like she always does. “Lily Bean, I don’t need saving. I not scare anymore.”] “But this will work.	더는 두렵지 않다며 릴리를 다독입니다.
36	Breaking the Jars	1	창문으로 들어온 샘의 가방에서 흘러나온 것은?	돈	옷가지	쌀이 든 비닐봉지	책	3	I realize that the thumping was her, climbing up the rope. [RED: She slings her backpack off her shoulders, dumping it onto the floor. It’s not zipped properly, and a plastic bag slides out. It seems like it’s filled with rice, but in the moonlight, I can’t exactly tell.] Sam catches her breath.	릴리는 이때는 그것이 무엇인지 알지 못합니다.
36	Breaking the Jars	2	What does Sam call the star jars?	Vases	Pots	Lamps	Bottles	1	“I wasn’t talking to you,” I say. [RED: She squints and then tilts her head, staring at the jars in my arms. “Where’d you get those vases?” “They aren’t vases. They’re…”] She raises an eyebrow and gives me a look like I am the strangest little kid ever.	릴리에게는 별 항아리지만 샘에게는 그냥 꽃병입니다.
36	Breaking the Jars	3	화가 치민 릴리가 한 일은?	소리를 질렀다	별 항아리를 벽에 던져 깨뜨렸다	집을 뛰쳐나갔다	샘을 밀쳤다	2	But. [RED: I take the green jar and throw it, and it explodes against the wall. She shrieks. “What are you doing?”] And you know what?	세 개를 차례로 다 깨뜨립니다.
36	Breaking the Jars	4	마지막 항아리를 던지기 직전 릴리가 떠올린 생각은?	할머니가 나을 것이다	호랑이가 곧 올 것이다	항아리는 그냥 항아리일지도 모른다	샘이 도와줄 것이다	3	What if impossible things—talking tigers, trapping stars, saving your halmoni—really are impossible? [RED: Maybe all of this was just a mugwort dream or a mental stress reaction after all. Maybe jars are just jars. Maybe I wanted it to be okay so badly that I made everything up.] I throw the last star jar.	지금껏 믿어 온 것이 통째로 흔들리는 순간입니다.
37	Supernova	1	릴리가 5학년 천문 단원에서 가장 좋아했던 것은?	혜성	블랙홀	초신성	은하	3	[RED: Back in fifth grade, during our astronomy unit, we learned about stars and galaxies and black holes. But my favorite thing was the supernova—a star exploding, bigger than we could ever imagine.] An infinite, powerful force, like the sun swallowing itself whole.	자기가 지금 그 초신성을 만들고 있다고 말합니다.
37	Supernova	2	Who grabs Lily and holds her?	Ricky	Sam	Halmoni	Mom	4	All that fear, all that anger, all that lost hope— [RED: Someone grabs my arm, and I look up to see Mom. Her eyes are scared, but then she wraps me up, holds me to her and keeps me from falling to pieces.] Sam presses herself against the wall, face pale.	밀어내려던 릴리가 결국 엄마 품에 안깁니다.
37	Supernova	3	37장 마지막에 벌어진 일은?	할머니가 문간에 나타나 쓰러졌다	샘이 집을 나갔다	엄마가 병원에 전화했다	호랑이가 나타났다	1	“It’s okay,” she says. [RED: Footsteps thud up the stairs, and Halmoni appears in the doorway. She looks pale, as withered as dried mugwort, and she shakes, unsteady on her feet. “Girls,” she breathes. And she collapses.]	마른 쑥처럼 시든 모습으로 나타나 무너집니다.
38	Watch Your Sister	1	엄마가 떠나며 샘에게 남긴 말은?	문을 잠가라	할머니 방을 치워라	따라오너라	여기서 동생을 지켜라	4	Sam and I follow Mom into the living room, but she stops us. [RED: “Wait here,” she says to Sam. “Watch your sister.”] Then she runs outside, after Halmoni—and they are gone, carried away by flashing lights and sirens.	두 자매만 빈집에 남겨집니다.
38	Watch Your Sister	2	샘이 자기 탓이라고 여긴 이유는?	운전을 못 해서	빨리 끝났으면 좋겠다고 말하고 취소하지 않아서	약을 안 챙겨서	문을 열어 두어서	2	She’s not the one who broke the jars. [RED: “I said I hoped she would die soon. I didn’t knock on wood.” Her chest shudders. “But I didn’t mean it. I tried to undo it. I’ve been scattering rice at night because Halmoni said it could protect us, but it didn’t work.”] My heart squeezes.	밤마다 계단에 쌀을 뿌린 사람이 샘이었습니다.
38	Watch Your Sister	3	Who has been helping Sam scatter the rice at night?	Joe	Jensen	Mom	Ricky	2	She’s probably sleeping.” [RED: “She was helping me scatter the rice,” Sam says. “She’s been helping me.”] “Oh.”	릴리는 전혀 모르고 있던 사실입니다.
38	Watch Your Sister	4	병원에 가기로 한 뒤 샘이 내린 결심은?	걸어간다	아침까지 기다린다	이웃에게 부탁한다	자기가 운전하겠다	4	All this was happening and I had no idea. [RED: Sam stares out the window, at the rain. “Lily, I think I have to drive us?”] “You don’t have to if you’re scared,” I say.	아빠 사고 뒤로 손대지 않던 운전대를 잡습니다.
39	Dad's List	1	샘이 차를 세운 곳은?	도서관 앞	마트 주차장	리키네 집 앞	병원 앞	1	She pulls the car over to the side of the road and parks. [RED: We don’t make it far. We’re just out of Halmoni’s driveway, right in front of the library.] “What happened?”	집을 벗어나자마자 손이 떨려 차를 세웁니다.
39	Dad's List	2	What did Sam recite every night after Dad died?	A prayer	A list of little things about him	A poem	His phone number	2	She takes a shaky breath. [RED: “When Dad died, I made a list that I recited every night. The little things about him, you know?] “Like, he cracked his knuckles constantly.	손가락 마디를 꺾던 버릇 같은 것들이었습니다.
39	Dad's List	3	샘이 그 목록을 릴리에게 말해 주지 않은 이유는?	말하면 자기 것이 아니게 될까 봐	릴리가 어려서	아빠가 그러라고 해서	잊어버려서	1	Soft first, a drizzle, then a storm. [RED: “I didn’t want to share. Like, if I told you all those Dad-stories, they’d disappear. They wouldn’t be mine anymore.”] “Stories don’t belong to anybody,” I say.	릴리는 이야기는 누구의 것도 아니라고 답합니다.
39	Dad's List	4	샘이 릴리에게 사과한 것은?	밧줄을 가져간 것	운전을 못 해서	QAG라고 몰아붙인 것	엄마 편만 든 것	3	I thought I could be a hero, that I didn’t have to be a QAG anymore.” [RED: Sam wipes the black smudges from her face. “The QAG thing…that was stupid. I shouldn’t have put that stereotype on you. And I shouldn’t have said the tiger wasn’t real. Maybe I was wrong.] Maybe, somehow, it is real.	호랑이가 없다고 한 것도 잘못이었다고 인정합니다.
40	Breaking In	1	릴리가 호랑이를 찾아간 곳은?	식당	지하실	도서관	숲	3	[RED: Ricky said to go to a place that tigers like. Halmoni said she went where tigers kept their stories. And when I was making the mud pudding, the tiger said that the library was her favorite place. The library, a home for stories.] “Wait here,” I tell Sam.	이야기가 모여 있는 곳이라 호랑이가 좋아한다고 본 것입니다.
40	Breaking In	2	How does Lily get into the locked library?	She uses Mom’s windowpane trick.	The back door is open.	She breaks the glass.	Joe lets her in.	1	And I feel hopeless until I remember: Mom, outside Halmoni’s house. [RED: It’s a long shot, I know, but I tap the side of the pane, run my hands over the windowsill, and thump a fist right below the glass.] I hold my breath and think, Please.	2장에서 엄마가 쓰던 방법을 그대로 따라 합니다.
40	Breaking In	3	샘이 자처한 역할은?	경찰에 신고하기	집에서 기다리기	망보기	도주 차량 운전자	4	Just trust me.” [RED: She runs her hand through her hair. “Oh my god. Okay. Okay, fine. I will be your getaway driver, even though you realize I can’t drive in the rain.”] “Thank you,” I say, and then I pull myself up and through the window, tumbling into the library.	비 오는 날 운전을 못 한다면서도 맡겠다고 합니다.
40	Breaking In	4	릴리가 호랑이에 대해 새로 짐작한 것은?	별을 뺏으러 왔다	샘을 찾고 있었다	할머니를 해치러 왔다	집으로 이끌어 주려던 것이었다	4	I didn’t really think about it before, but…it seemed like the rain wasn’t falling around you. [RED: And I thought you were there to hurt Halmoni, but now I think…maybe you were standing there to guide us home.]” When she doesn’t respond, I swallow hard and add, “And I really hope I’m right.	빗속에서 호랑이 둘레만 비가 오지 않던 것을 떠올립니다.
40	Breaking In	5	What does Lily give Sam before they drive off?	The camo top hat	Halmoni’s pendant	A star jar	The car keys	2	And maybe she was afraid she couldn’t be, so she pushed it all away. [RED: I reach up to unclasp my pendant, then lean over to fasten it around her neck. Extra protection. Extra love. Just in case.] “We’ll be okay,” I tell her.	호랑이를 보지 못하는 언니에게 부적을 넘겨줍니다.
41	More Than One Truth	1	Who does Halmoni ask to speak to first at the hospital?	Mom	The nurse	Lily	Sam	4	And I’m not ready. [RED: I take a step backward, but Halmoni opens her eyes and sees us. “Sam,” she says. Her voice is small. “I talk to Sam first.” Sam’s voice is a squeak. “Me? Really?”] Halmoni nods weakly, and Sam rushes to her side.	늘 뒤로 밀려나 있다고 여기던 샘을 먼저 부릅니다.
41	More Than One Truth	2	릴리가 호랑이에게 털어놓은 두 마음은?	희망과 욕심	더 살기를 바라면서도 더 아프지 않기를 바라는 마음	용서와 미움	기쁨과 놀라움	2	I get that filled-up, bursting feeling again. And then I say, [RED: “I want Halmoni to live longer, but I also don’t want her to hurt longer.] “And I want—” My voice cracks, and I don’t think I can keep going, but I do.	반대되는 두 마음이 한꺼번에 든다고 말합니다.
41	More Than One Truth	3	"호랑이가 말한 ""치유""의 뜻은?"	병을 고치는 것이 아니라 이해하는 것	시간을 되돌리는 것	병을 고치는 것	고통을 잊는 것	1	I can’t face it.” [RED: “Lily, I told you I would heal my Ae-Cha, but healing is not always about curing illness. Often, it is about understanding. And when you face your whole story, you can understand your whole heart.”] My whole heart hurts.	자기 이야기 전체를 마주해야 마음도 온전히 안다고 합니다.
41	More Than One Truth	4	What does the tiger say about the last story?	It is not gone; Lily released it.	Only Halmoni can tell it.	It was never real.	It is lost forever.	1	The final story is gone, and now Halmoni won’t even have that.” [RED: “It’s not gone,” she says. “You released it. And I cannot tell it to you, but you know more than you realize. These are the stories of our family, after all.”] I pause, turning her words over.	항아리를 깨뜨린 것이 곧 이야기를 풀어놓은 것이었습니다.
41	More Than One Truth	5	릴리가 호랑이의 정체에 대해 짐작한 것은?	할머니의 어머니	엄마	이야기 속 언니	할머니 자신	1	These are the stories of our family, after all.” [RED: I pause, turning her words over. My Ae-Cha. Our family. My family, and hers. “Are you…Halmoni’s mom? Am I…?” I don’t say a tiger-girl, because I don’t have to. I already know.] She doesn’t answer my questions.	"""우리 가족의 이야기""라는 말에서 알아챕니다."
42	Tell Me a Story	1	할머니가 병실에서 보고 있다고 말한 사람은?	어린 시절의 엄마	호랑이	아빠	자기 어머니	4	But I grab her hand, and those feelings don’t disappear, and I realize there’s love there, too, and that’s stronger than anything else. [RED: “I am seeing the truth,” Halmoni says. “I see my mother. My umma. She finally find me.”] “Halmoni,” I whisper, “I think I saw her, too.”	평생 찾아 헤매던 어머니가 드디어 자기를 찾았다고 말합니다.
42	Tell Me a Story	2	What does Halmoni say she spent her whole life doing?	Looking for tigers	Telling stories	Working too hard	Hiding her heart	4	My chest hurts, but I squeeze her hand, tracing her life line with my thumb. [RED: “All my life, I spend so much time, so much energy, hiding my heart. I am scare of tigers. But more, I am scare of the tiger in me,” she says.] “I thought I have to hide my words, because my English not so good.	호랑이보다 자기 안의 호랑이가 더 무서웠다고 말합니다.
42	Tell Me a Story	3	할머니가 말한 가장 강한 일은?	잊는 것	끝까지 싸우는 것	도망치기를 그만두는 것	아프지 않은 척하는 것	3	“I’m not.” [RED: She closes her eyes. “Sometime, the strongest thing is to stop running. To say, I am not afraid of tigers. I am not afraid to die.”] But I’m so afraid.	호랑이도 죽음도 두렵지 않다고 말합니다.
42	Tell Me a Story	4	할머니가 마지막으로 청한 것은?	물 한 잔	이야기를 들려 달라	노래를 불러 달라	손을 잡아 달라	2	Mom walks over and rubs my back. [RED: With her eyes still closed and her lips lifted into the smallest smile, Halmoni says, whisper-fierce, “Tell me a story.”] Sam looks at me and reaches up with one hand.	늘 들려주던 쪽이 이번에는 청하는 쪽이 됩니다.
43	Light Is Not Limited	1	릴리가 지어낸 이야기에서 할머니가 사러 간 것은?	꽃	떡	쌀과 Happy Nut 크래커	약	3	Once, they’d shared everything, but over time, they’d grown apart—grown alone. [RED: One day, the halmoni went to the village to buy rice and Happy Nut crackers for her girls, but she got trapped in traffic.] She got home late, much later than usual.	샘이 좋아하는 크래커가 옛이야기 속으로 들어옵니다.
43	Light Is Not Limited	2	In Lily’s story, what did the sisters do to try to change Halmoni back?	They locked the door.	They ran away.	They scattered rice and spilled the stars.	They called the sky god.	3	They didn’t know what to do. [RED: So they tried to change her back. Unya scattered the rice, and Eggi spilled the stars. They tried everything, but nothing worked.] Finally, when there was nothing left but the end of the story.	두 자매가 실제로 한 일이 그대로 이야기가 됩니다.
43	Light Is Not Limited	3	릴리의 이야기에서 옛 하늘님이 저지른 진짜 실수는?	약속을 어긴 것	별을 내준 것	호랑이를 만든 것	호랑이 소녀에게 하나만 고르게 한 것	4	See, centuries before, a different sky god had created a tiger-girl who walked both worlds. [RED: Even the gods make mistakes, but as it turned out, the mistake hadn’t been the tiger-girl at all. The mistake was making her choose.] The mistake was creating a world where she had to hide—where she was afraid to be everything at once, fierce and kind, soft and strong.	둘 다일 수 없게 만든 것이 잘못이었다는 것입니다.
43	Light Is Not Limited	4	하늘 호랑이가 자매에게 남긴 말은?	이야기를 잊어라	서로를 지켜라	빛은 한정되어 있지 않다	다시는 내려오지 마라	3	Women who could be everything and anything. [RED: Now you can tell your own star stories, the sky tiger told them, her voice skritching like coarse fabric against their ears. Light is not limited.] So the sisters began to speak.	이 장의 제목이기도 한 말입니다.
44	Two Small Spots of Light	1	What does Mom say the stories did for Halmoni?	They confused her.	They made her sleep.	They reminded her that the world is big.	They cured her pain.	3	“The stories were supposed to save her,” I say in a small voice. [RED: Mom makes a noise, and when I look at her, there are tears in her eyes. “They did save her, Lily. They reminded her that the world is big. That she could be anything. That she was everything to us.”] Halmoni looks so pale, lying on the bed.	이야기가 할머니를 구하지 못했다는 릴리에게 하는 말입니다.
44	Two Small Spots of Light	2	릴리가 할머니 귀에 대고 한 말은?	가셔도 괜찮아요, 우리는 괜찮을 거예요	조금만 더 버티세요	사랑해요	가지 마세요	1	Together we hold our little piece of magic—our piece of Halmoni. [RED: “It’s okay,” I whisper, leaning so close to Halmoni that my lips brush her ear. I close my eyes and breathe. Sometimes, the bravest thing is to stop running. “It’s okay if you go. We will be all right.”] I don’t know, for sure, if she hears me.	도망치기를 그만두는 것이 가장 용감한 일이라는 말을 실천합니다.
44	Two Small Spots of Light	3	창밖에서 릴리가 본 두 점의 빛에 대한 설명으로 맞는 것은?	가로등이었다	별이었다	분명한 호랑이의 눈이었다	기계의 반사일 수도, 호랑이의 눈일 수도 있다	4	The room seems to sigh in relief. [RED: I look up, and the world outside is dark, but through the window, two small spots of light blink back at me. It’s hard to see. It’s hard to know for sure. It could be the reflection of the machines inside, or it could be tiger eyes, staring back at me.] I watch them, my heart clenching tight like a little fist.	끝까지 어느 쪽인지 정해 주지 않는 것이 이 소설의 방식입니다.
45	Even If Things Aren't Perfect	1	집으로 돌아온 뒤 지하실은 어떤 상태였나요?	텅 비어 있었다	잠겨 있었다	그대로였다	물이 차 있었다	4	[RED: The basement is flooded. The first night, after we return to Halmoni’s house, Mom throws the basement door open and shakes her head. Water laps at the steps.] The boxes that Ricky and I worked so hard to stack slowly disintegrate into mush.	할머니가 물이 찼다고 하던 말이 뒤늦게 사실이 됩니다.
45	Even If Things Aren't Perfect	2	What does Ricky text on the seventh night?	pudding	rice cakes	brownies	muffins	2	The hours go blurry. [RED: Ricky texts me a continuous stream of his favorite foods, trying to cheer me up. And on the seventh night, after one official week, he texts: rice cakes.] When I read the words, the threat of tears burns behind my eyes.	좋아하는 음식 이름을 날마다 보내 주다가 나온 한마디입니다.
45	Even If Things Aren't Perfect	3	릴리가 베이크 세일을 두고 떠올린 생각은?	떡은 사서 내자	가지 말자	고사처럼 치르자	돈을 많이 모으자	3	Sam says, “We don’t have to do the bake sale.” [RED: “We don’t have to,” I say, looking between her and Mom. “But…maybe we should. All that food. All those people. It’ll be like…” Understanding settles on Sam’s face, and her eyes ache with grief. “Like a kosa.”] “At the library,” Mom says.	음식과 사람이 모이는 자리라는 점에서 같다고 본 것입니다.
45	Even If Things Aren't Perfect	4	도서관을 알록달록하게 칠하고 포스터를 붙였던 사람은?	할머니	마을 사람들	사서 조	젠슨	1	For a moment, she looks too pained to speak, but she does. [RED: “The library was one of Halmoni’s projects, so many years ago. She painted it bright colors and added cheesy posters. She always wanted it to be a special place.”] I stare at her, wondering how, all this time, I never knew.	릴리가 무서워하던 과자집 도서관을 꾸민 사람이었습니다.
46	Invisible Things	1	How did Joe know about the break-in?	A camera	Muddy kid-sized footprints	Jensen told him	A broken window	2	“How’d you know about that?” [RED: “Intuition,” he replies. “And the kid-sized muddy footprints everywhere.”] “Oh.”	아이 발 크기의 진흙 발자국이 온 도서관에 찍혀 있었습니다.
46	Invisible Things	2	조가 이 행사의 진짜 목적이라고 말한 것은?	마을 사람들이 모이는 것	책을 사는 것	할머니를 기리는 것	도서관 수리비	1	“I know we were supposed to raise money,” I say. [RED: Joe shakes his head. “This wasn’t for money. This was for community. Though maybe later we can discuss the break-in.”] My cheeks get hot.	돈은 처음부터 목적이 아니었다고 말합니다.
46	Invisible Things	3	릴리가 뒤늦게 알아챈 샘과 젠슨의 사이는?	그냥 아는 사이	사귀는 사이	같은 반 친구	사촌	2	There’s a love between them that confuses me for a moment. [RED: And suddenly it all makes sense. Sam’s weirdness when she first saw Jensen. The nervousness when Sam asked me about her later. The way Jensen helped Sam scatter rice, the way Sam tried to call her for help. They’re a couple.] I’m stunned, even though now it seems obvious.	지금까지의 어색함이 한꺼번에 설명됩니다.
46	Invisible Things	4	리키가 구워 온 머핀에 있던 문제는?	타 버렸다	설탕 대신 소금을 넣었다	덜 익었다	흙이 들어 있었다	2	Right now, I feel infinite. [RED: I take a bite of a muffin—and then cough, spitting it into my palm. Salt. Ricky must have mixed the sugar up with the salt.] The unexpected flavor shocks a laugh out of me.	"""이번엔 흙은 안 넣었다""고 장담한 뒤의 일이라 더 우습습니다."
46	Invisible Things	5	What does Sam say about sadness?	It fades, but the missing may not.	It gets worse each year.	It disappears quickly.	It never changes.	1	“Does the sadness go away?” [RED: Sam stares ahead. “The sadness fades, yeah. Eventually. But the missing…I don’t know if that ever does.”] I press my thumb against my palm, and when I close my eyes, I can almost imagine it’s Halmoni, tracing my life line, telling me everything is going to be okay.	슬픔은 옅어져도 그리움은 남는다고 말합니다.
